code,start_stamp
AAL,1127750400.0
AAME,322070400.0
AAOI,1380124800.0
AAON,724435200.0
AAPL,345398400.0
AAXJ,1218729600.0
ABAC,1279555200.0
ABCB,769276800.0
ABCD,1260288000.0
ABCO,1005580800.0
ABDC,1399564800.0
ABIO,870969600.0
ABMD,554482800.0
ABY,1402588800.0
ACAD,1085587200.0
ACFC,1096905600.0
ACFN,697737600.0
ACGL,811008000.0
ACHC,762710400.0
ACIW,793555200.0
ACLS,963244800.0
ACOR,1139500800.0
ACRX,1297353600.0
ACSF,1389801600.0
ACST,1328544000.0
ACTA,933782400.0
ACTG,1039968000.0
ACUR,700761600.0
ACWI,1206633600.0
ACWX,1206979200.0
ADAT,705686400.0
ADBE,524242800.0
ADES,1066752000.0
ADHD,1369152000.0
ADI,322070400.0
ADMA,1381939200.0
ADMP,808329600.0
ADMS,1397059200.0
ADP,322070400.0
ADRA,1037203200.0
ADRD,1037203200.0
ADRE,1037203200.0
ADRU,1037203200.0
ADSK,488736000.0
ADTN,776448000.0
ADUS,1256659200.0
ADXS,1122480000.0
AEGN,376156800.0
AEHR,871574400.0
AEIS,816537600.0
AERI,1382630400.0
AEY,833385600.0
AEZS,957888000.0
AFAM,533923200.0
AFCB,1262793600.0
AFH,1360598400.0
AFMD,1410451200.0
AAVL,-441878400.0
AAWW,1131465600.0
ABAX,696096000.0
ACET,322156800.0
ACHN,1163001600.0
ACNB,765388800.0
ACPW,-441878400.0
ACXM,440179200.0
AETI,1179244800.0
AFSI,1164643200.0
AGEN,949939200.0
AGII,532281600.0
AGIIL,1348502400.0
AGIO,1374595200.0
AGNC,1210780800.0
AGNCB,1512662400.0
AGND,1387296000.0
AGRX,1400774400.0
AGTC,1395849600.0
AGYS,322070400.0
AGZD,1387296000.0
AHGP,1147190400.0
AHPI,695318400.0
AIMC,1166112000.0
AINV,1081180800.0
AIRR,1394467200.0
AIRT,451584000.0
AKAM,941126400.0
AKAO,1394553600.0
AKBA,1395244800.0
AKER,1390406400.0
AKRX,1028217600.0
ALCO,105206400.0
ALDR,1399478400.0
ALDX,1398960000.0
ALGN,980784000.0
ALGT,1165507200.0
ALIM,1271865600.0
ALKS,679590000.0
ALLT,1163606400.0
ALNY,1086019200.0
ALOG,322070400.0
ALOT,370713600.0
ALQA,926611200.0
ALSK,942854400.0
ALTR,1508947200.0
ALXN,825436800.0
AMAT,322070400.0
AMBA,1349798400.0
AMBC,1367337600.0
AMCF,1264435200.0
AMCN,1194364800.0
AMDA,1392220800.0
AMED,777052800.0
AMGN,424627200.0
AMIC,-441878400.0
AMKR,893952000.0
AMNB,923932800.0
AMOT,340819200.0
AMOV,981561600.0
AMPH,1403625600.0
AMRB,915379200.0
AMRI,-441878400.0
AMRK,1394985600.0
AMRN,733593600.0
AMRS,1285603200.0
AMSC,692467200.0
AMSF,1132243200.0
AMSWA,415209600.0
AMTX,1400083200.0
AMWD,521996400.0
AMZN,863625600.0
ALLB,-441831600.0
AMAG,518846400.0
AMCX,1308196800.0
AMD,322117200.0
ABTL,-441831600.0
ACAS,-441831600.0
ACAT,-441831600.0
ADNC,-441831600.0
AFOP,-441831600.0
AIRM,-441831600.0
AMSG,-441831600.0
ANAT,322117200.0
ANCB,1296018000.0
ANCI,-441831600.0
ANCX,1090209600.0
ANDE,824792400.0
ANGI,1321506000.0
ANGO,1086062400.0
ANIK,736401600.0
ANIP,957499200.0
ANSS,835243200.0
ANTH,1267419600.0
ANY,1376280000.0
AOSL,1272513600.0
APAGF,-441831600.0
APDN,1058241600.0
APEI,1194584400.0
APOG,105249600.0
APPS,1152158400.0
APRI,924494400.0
APTO,1414036800.0
APWC,1058241600.0
AQXP,1394168400.0
ARAY,1170910800.0
ARCB,705729600.0
ARCC,1096948800.0
ARCI,689576400.0
ARCW,929332800.0
ARDM,835243200.0
ARDX,1403150400.0
AREX,1194498000.0
ARGS,1391749200.0
ARII,1137992400.0
ARKR,503298000.0
ARLP,934862400.0
ARNA,964756800.0
AROW,338097600.0
ARQL,845438400.0
ARRS,748238400.0
ARRY,975560400.0
ARTNA,767505600.0
ARTW,463377600.0
ARTX,762066000.0
ARWR,756018000.0
ASBB,-441831600.0
ASCMA,1221710400.0
ASFI,816325200.0
ASMB,1292562000.0
ASML,795243600.0
ASNA,420868800.0
ASND,1422421200.0
ASPS,1249531200.0
ASRV,475909200.0
ASRVP,896846400.0
ASTC,819522000.0
ASTE,519451200.0
ASTI,939355200.0
ASUR,702619200.0
ASYS,429249600.0
ATAI,1201582800.0
ATAX,512802000.0
ATEA,806817600.0
ATEC,1150084800.0
ATHN,1190260800.0
ATHX,1181620800.0
ATLC,924840000.0
ATLO,950590800.0
ATNI,690094800.0
ATOS,1352350800.0
ATRA,1413432000.0
ATRC,1123214400.0
ATRI,322203600.0
ATRM,744955200.0
ATSG,1058932800.0
ATTU,728024400.0
ATVI,751521600.0
AUBN,807422400.0
AUDC,927864000.0
AUMAU,-441831600.0
AUPH,1409716800.0
AVAV,1169528400.0
AVEO,1268370000.0
AVGO,1249531200.0
AVHI,1053662400.0
AVID,731912400.0
AVNW,548395200.0
AWRE,839563200.0
AXAS,673675200.0
AXDX,765691200.0
AXGN,535179600.0
AXJS,1328245200.0
AXPW,1050465600.0
AXPWW,1415854800.0
AXTI,895723200.0
AZPN,783144000.0
BABY,996552000.0
BANF,638427600.0
BANFP,1079413200.0
BANR,815202000.0
BANX,1383800400.0
BASI,880434000.0
BBEP,-441831600.0
BBGI,950245200.0
BBLU,-441831600.0
BBOX,724482000.0
BBP,1418792400.0
BBRG,1287633600.0
BBSI,739771200.0
BCBP,1066190400.0
BCLI,1065499200.0
BCOM,1193889600.0
BCOR,913698000.0
BCOV,1329454800.0
BCPC,518155200.0
BCRX,762757200.0
BDGE,916117200.0
BDMS,889074000.0
BDSI,1027569600.0
BEAT,1205899200.0
BEBE,898056000.0
BECN,1095912000.0
BELFA,439534800.0
BELFB,900043200.0
BFIN,1119931200.0
BGCP,944802000.0
BGFV,1024977600.0
BGMD,1296795600.0
BICK,1271131200.0
BIDU,1123214400.0
BIIB,685080000.0
BIOC,1391576400.0
BIOL,721544400.0
BIOS,840081600.0
BIS,1270785600.0
BJRI,844833600.0
BKCC,1182916800.0
BKEP,1293771600.0
BKEPP,1512709200.0
BKMU,983854800.0
BKSC,530510400.0
BLCM,1418878800.0
BLDP,815806800.0
BLDR,1119931200.0
BLFS,706852800.0
BLKB,1090814400.0
BLMN,1344398400.0
BLMT,1317787200.0
BLRX,1311739200.0
BLUE,1371614400.0
BLVD,1447650000.0
BLVDU,1392267600.0
BMTC,492235200.0
BNCL,1184558400.0
BNDX,1370318400.0
BNFT,1379476800.0
BNSO,614923200.0
BOBE,322117200.0
BOCH,941605200.0
BOFI,1110949200.0
BOKF,684043200.0
BONT,685684800.0
BOOM,599979600.0
BOSC,828421200.0
BOTJ,965880000.0
BPFH,761202000.0
BPFHP,1366344000.0
BPOP,322117200.0
BPOPM,1227070800.0
BPOPN,1070341200.0
BPTH,1204606800.0
BRCD,927604800.0
BREW,808632000.0
BRID,322117200.0
BRKL,890802000.0
BRKR,965361600.0
BRKS,791701200.0
BSET,322117200.0
BSPM,1262062800.0
BSQR,940478400.0
BSRR,766641600.0
BSTC,-441831600.0
BUR,1270440000.0
BUSE,907646400.0
BV,1330059600.0
BVSN,835329600.0
BWEN,1131598800.0
BWFG,1270440000.0
BWINA,322117200.0
BWINB,516340800.0
BWLD,1069650000.0
BYBK,770356800.0
BYFC,821163600.0
CA,377240400.0
CAAS,1065499200.0
CAC,876283200.0
CACC,707716800.0
CACG,1493870400.0
CACH,353221200.0
CADC,1226379600.0
CAKE,716788800.0
CALA,1412222400.0
CALD,1069304400.0
CALM,850366800.0
CAMP,440139600.0
CAMT,964756800.0
CAR,432360000.0
CARA,1391144400.0
CARB,1313035200.0
CARO,1400040000.0
CART,1103605200.0
CARV,783144000.0
CARZ,1305000000.0
CASH,748497600.0
CASI,834552000.0
CASM,791614800.0
CASS,820558800.0
CASY,435470400.0
CATM,1197522000.0
CATY,661150800.0
CAVM,1178078400.0
CBAK,1108357200.0
CBAN,1511758800.0
CBAY,1391403600.0
CBF,1348113600.0
CBFV,791614800.0
CBLI,1153800000.0
CBMG,1180929600.0
CBMX,1040014800.0
ABCW,345445200.0
ATRO,322117200.0
ATRS,844315200.0
BBBY,707716800.0
BBC,1418792400.0
BHBK,1406001600.0
BIB,1270785600.0
BMRC,945925200.0
BMRN,932961600.0
BSF,831096000.0
BSFT,1276660800.0
CALI,1251259200.0
CBOE,1276574400.0
CBPO,1201582800.0
CBRL,373784400.0
CBSH,322117200.0
CBSHP,1402891200.0
CCBG,770875200.0
CCCL,1197867600.0
CCCR,1376366400.0
CCIH,1285905600.0
CCLP,1308110400.0
CCMP,954907200.0
CCNE,765432000.0
CCOI,1012885200.0
CCRN,1003982400.0
CCUR,506926800.0
CCXI,1328677200.0
CDC,1404273600.0
CDK,1411358400.0
CDNA,1405569600.0
CDNS,550296000.0
CDXS,1271908800.0
CDZI,599806800.0
CECE,344581200.0
CECO,886050000.0
CELG,554443200.0
CELGZ,1286337600.0
CEMI,1083729600.0
CEMP,1328504400.0
CENT,711172800.0
CENTA,1170738000.0
CENX,828075600.0
CERN,534142800.0
CERS,854686800.0
CETV,782020800.0
CEVA,1036126800.0
CFA,1404273600.0
CFBK,914994000.0
CFFI,894513600.0
CFFN,922942800.0
CFNB,544852800.0
CFO,1404273600.0
CFRX,1410494400.0
CG,1336017600.0
CGEN,965966400.0
CGIX,1365134400.0
CGNX,616910400.0
CGO,1130385600.0
CHDN,733381200.0
CHEF,1311825600.0
CHFC,586497600.0
CHFN,1028260800.0
CHI,1025150400.0
CHKE,739080000.0
CHKP,835934400.0
CHMG,915426000.0
CHNR,807768000.0
CHRS,995256000.0
CHRW,876974400.0
CHSCL,1421298000.0
CHSCM,1410321600.0
CHSCN,1394082000.0
CHSCO,1379908800.0
CHSCP,1048482000.0
CHTR,1262667600.0
CHUY,1343102400.0
CHW,1185422400.0
CHY,1054180800.0
CIDM,1068440400.0
CINF,322117200.0
CJJD,1511758800.0
CKEC,-441831600.0
CLCT,941778000.0
CLDX,516513600.0
CLFD,523684800.0
CLIR,1335326400.0
CLMT,1512018000.0
CLNE,1180065600.0
CLNT,1103605200.0
CLRB,1131598800.0
CLRO,808718400.0
CLSN,920264400.0
CLUB,1149220800.0
CLVS,1321419600.0
CLWT,858315600.0
CMCO,825051600.0
CMCSA,322117200.0
CMCT,1512709200.0
CME,1039150800.0
CMFN,1391662800.0
CMLS,1018324800.0
CMPR,1128052800.0
CMRX,1365652800.0
CMTL,322117200.0
CNAT,1374724800.0
CNBKA,548481600.0
CNCE,1392267600.0
CNMD,554011200.0
CNOB,765432000.0
CNSL,1122004800.0
CNTF,1115352000.0
CNTY,752907600.0
CNXR,1418360400.0
COBZ,898142400.0
COHR,322117200.0
COHU,322117200.0
COKE,322117200.0
COLB,708667200.0
COLM,890974800.0
COMM,1382673600.0
COMT,1413432000.0
CONE,1358485200.0
CONN,1069736400.0
COOL,934862400.0
CORE,1113364800.0
CORI,1396497600.0
CORT,1081915200.0
COST,521265600.0
COWN,1152763200.0
CPAH,1081310400.0
CPHC,1220846400.0
CPIX,1249963200.0
CPRT,763880400.0
CPRX,1162962000.0
CPSH,863150400.0
CPSI,1021953600.0
CPSS,719726400.0
CPST,962337600.0
CPTA,1380081600.0
CRAI,893390400.0
CRAY,812088000.0
CREE,729234000.0
CREG,1078462800.0
CRESY,858747600.0
CRIS,965102400.0
CRME,1058241600.0
CRMT,542610000.0
CRNT,965361600.0
CROX,1139374800.0
CRTN,943333200.0
CRTO,1383105600.0
CRUS,613368000.0
CRVL,678081600.0
CRWS,1065499200.0
CRZO,870840000.0
CSBK,1078376400.0
CSFL,980830800.0
CSGP,899265600.0
CSGS,825483600.0
CSII,1151467200.0
CSIQ,1163048400.0
CSOD,1300334400.0
CSPI,381128400.0
CSQ,1080795600.0
CSTE,1332388800.0
CSWC,322117200.0
CTAS,430113600.0
CTBI,567752400.0
CTG,322808400.0
CTHR,879483600.0
CTIB,1054180800.0
CTIC,858920400.0
CTRE,1401336000.0
CTRL,1375416000.0
CTRN,1116388800.0
CTRP,1070946000.0
CTSH,898228800.0
CTSO,1155096000.0
CTWS,322117200.0
CTXS,818398800.0
CU,946875600.0
CUNB,1131598800.0
CUTR,1080709200.0
CVBF,418280400.0
CVCO,1057032000.0
CVCY,920869200.0
CVGI,1092024000.0
CVGW,1027310400.0
CVLT,1158897600.0
CVLY,765518400.0
CVTI,783316800.0
CVV,920264400.0
CWAY,1389762000.0
CWBC,848379600.0
CWCO,791010000.0
CWST,878101200.0
CXDC,1191470400.0
CY,517723200.0
CYAN,740721600.0
CYBE,566715600.0
CYBR,-441831600.0
CYCC,1079413200.0
CYCCP,1133326800.0
CYOU,1238644800.0
CYRN,931838400.0
CYTK,1083297600.0
CYTR,607150800.0
CYTX,974350800.0
CZR,1328677200.0
CZWI,1511758800.0
DAIO,638427600.0
DAKT,760856400.0
DAVE,847083600.0
DAX,1414036800.0
DBVT,1413950400.0
DCOM,835761600.0
DCTH,1020312000.0
DENN,884235600.0
DEPO,881125200.0
DERM,1412308800.0
DEST,732258000.0
DFRG,1343361600.0
DFVL,1310443200.0
DFVS,1310443200.0
DGICA,1057204800.0
DGICB,530946000.0
DGII,623649600.0
DGLD,1318824000.0
DGLY,1179288000.0
DGRE,1375329600.0
DGRS,1374724800.0
DGRW,1369195200.0
DHIL,834033600.0
DIOD,322117200.0
DISCA,1120795200.0
DISCB,1131598800.0
DISCK,1221710400.0
DISH,803707200.0
DJCO,698994000.0
DLHC,1512363600.0
DLTR,794552400.0
DMLP,1044248400.0
DMRC,944110800.0
DNBF,916117200.0
DNKN,1311739200.0
DORM,668754000.0
DOX,898228800.0
DRAD,1086840000.0
DRNA,1391058000.0
DRRX,970113600.0
DRYS,1107406800.0
DSGX,917413200.0
DSKX,1274328000.0
DSLV,1318824000.0
DSPG,761202000.0
DSWL,806126400.0
DTUL,1281412800.0
DTUS,1281412800.0
DTV,1476331200.0
DTYL,1281412800.0
DTYS,1281412800.0
DVAX,1077166800.0
DVCR,942728400.0
DWAT,1412136000.0
DWCH,707112000.0
DXGE,1381982400.0
DXJS,1372392000.0
DXLG,549604800.0
DXPE,894513600.0
DXPS,1372392000.0
DXYN,533278800.0
DYNT,767246400.0
DYSL,956116800.0
EA,622267200.0
EARS,1407297600.0
EBAY,906609600.0
EBIO,1391662800.0
EBIX,552110400.0
EBMT,954993600.0
EBSB,1201064400.0
EBTC,1108357200.0
ECHO,1254456000.0
ECOL,452923200.0
ECPG,931492800.0
ECTE,879224400.0
ECYT,1296795600.0
EDAP,870408000.0
EDGW,843796800.0
EDUC,322203600.0
EEFT,857710800.0
EEI,542264400.0
EEMA,1328763600.0
EEME,1326949200.0
EFOI,777182400.0
EFSC,1058241600.0
EGAN,938059200.0
EGBN,931924800.0
EGHT,867816000.0
EGLE,1119931200.0
EGLT,1391662800.0
EGOV,932011200.0
EGRW,1328763600.0
EGRX,1392181200.0
EHTH,1161316800.0
EIGI,1382673600.0
ELGX,835243200.0
ELNK,-441831600.0
ELON,901598400.0
ELSE,639028800.0
ELTK,853909200.0
EMCB,1331182800.0
EMCF,1512363600.0
EMCG,1380254400.0
EMCI,381646800.0
EMDI,1329454800.0
EMEY,1328850000.0
EMIF,1245384000.0
EMITF,849070800.0
EMKR,857624400.0
EML,322117200.0
EMMS,761979600.0
ENDP,963892800.0
ENFC,1412136000.0
ENG,863150400.0
ENPH,1333080000.0
ENSG,1194584400.0
ENT,1308283200.0
ENTR,1508990400.0
ENVI,-441831600.0
ENZN,445669200.0
EOPN,-441831600.0
EPAY,918795600.0
EPIQ,-441831600.0
EPZM,1369972800.0
EQIX,965966400.0
ERI,946875600.0
ERIC,367473600.0
ERIE,812606400.0
ERII,1214971200.0
ERW,1375243200.0
ESBK,1512709200.0
ESCA,322117200.0
ESEA,1146801600.0
ESGR,859870800.0
ESIO,435297600.0
ESLT,849070800.0
ESMC,716184000.0
ESPR,1372219200.0
ESRX,708062400.0
ESSA,1175659200.0
ESXB,1157515200.0
EUFN,1265173200.0
EVAL,1328850000.0
EVAR,1398398400.0
EVEP,1159329600.0
EVK,1216180800.0
EVLV,678513600.0
EVOK,1380081600.0
EVOL,894945600.0
EVRY,-441831600.0
EWBC,918018000.0
EXA,1340856000.0
EXAC,833428800.0
EXAS,981003600.0
EXEL,955944000.0
EXFO,962337600.0
EXLS,1161316800.0
EXPD,465019200.0
EXPE,1121918400.0
EXPO,650865600.0
EXTR,923630400.0
EXXI,1483938000.0
EYEG,1423803600.0
EYES,1416373200.0
EZPW,683265600.0
FALC,1513054800.0
FANG,1350014400.0
FARM,322117200.0
FARO,874555200.0
FAST,556430400.0
FATE,1380600000.0
FB,1337313600.0
FBNC,546753600.0
FBNK,1309406400.0
FBSS,945925200.0
FCAP,915426000.0
FCBC,765777600.0
FCCO,920955600.0
FCCY,921474000.0
FCEL,709444800.0
FCFS,676526400.0
FCHI,1214366400.0
FCNCA,530337600.0
FCSC,1256097600.0
FDEF,743140800.0
FDIV,1407988800.0
FDUS,1308628800.0
FEIM,1511154000.0
FELE,322117200.0
FEMB,1415163600.0
FEUZ,1414382400.0
FEYE,1379649600.0
FFBC,440830800.0
FFHL,1166504400.0
FFIC,816930000.0
FFIN,752130000.0
FFIV,928468800.0
FFKT,534142800.0
FFNM,1112587200.0
FFNW,1191988800.0
FIBK,1269403200.0
FINL,708062400.0
FISI,930283200.0
FISV,528004800.0
FITB,322117200.0
FITBI,1386306000.0
FIVE,1342670400.0
FIVN,1396584000.0
FIZZ,684734400.0
FLAT,1281412800.0
FLDM,1297314000.0
FLEX,763966800.0
FLIC,537426000.0
FLIR,740721600.0
FLKS,1422507600.0
FLL,745560000.0
FLML,-441831600.0
FLWS,933652800.0
FLXN,1392181200.0
FLXS,322117200.0
FMB,1400126400.0
FMBH,921560400.0
FMBI,418971600.0
FMI,1380081600.0
FMNB,915426000.0
FNFG,-441831600.0
FNGN,1268712000.0
FNHC,910242000.0
FNJN,1377144000.0
FNLC,931924800.0
FNRG,1280462400.0
FNSR,942382800.0
FOLD,1180584000.0
FONR,751694400.0
FORD,803188800.0
FORM,1055390400.0
FORR,849070800.0
FORTY,877320000.0
FOSL,734241600.0
FOX,516945600.0
FOXA,783838800.0
FOXF,1375934400.0
FPRX,1379476800.0
FPXI,1415682000.0
FRAN,1311307200.0
FRBA,1287115200.0
FRBK,594968400.0
FRED,700981200.0
FRGI,1335412800.0
FRME,614318400.0
FRPH,520660800.0
FRPT,1415336400.0
FRSH,1399003200.0
FSAM,1414641600.0
FSBK,860472000.0
FSBW,1341892800.0
FSC,1213243200.0
FSCFL,1365134400.0
FSFG,1512709200.0
FSTR,360907200.0
FSYS,-441831600.0
FTCS,1152590400.0
FTD,1381377600.0
FTEK,747374400.0
FTGC,1382500800.0
FTHI,1389070800.0
FTLB,1389070800.0
FTNT,1258520400.0
FTR,322117200.0
FTSL,1367467200.0
FTSM,1199163600.0
FUEL,-441831600.0
FULLL,1372392000.0
FULT,494568000.0
FUNC,1512709200.0
FUND,581745600.0
FV,1394082000.0
FWP,1413345600.0
FWRD,753426000.0
GABC,737956800.0
GAINO,1415682000.0
GALE,1205294400.0
GALT,1031544000.0
GARS,1364356800.0
GASS,1128571200.0
GBCI,448779600.0
GBDC,1271304000.0
GBIM,1404273600.0
GBLI,1071550800.0
GBNK,1128312000.0
GBSN,1412827200.0
GCBC,930715200.0
GCVRZ,1301544000.0
GENC,1058241600.0
GENE,1125979200.0
GEOS,880088400.0
GERN,838785600.0
GEVO,1297227600.0
GFED,797486400.0
GFN,1152158400.0
GFNCP,1369022400.0
GGACU,-441831600.0
GGAL,964497600.0
GHDX,1127966400.0
GIFI,860130000.0
GIGA,638600400.0
GIGM,950850000.0
GIII,629614800.0
GLAD,1028260800.0
GLBS,1205208000.0
GLBZ,942210000.0
GLDD,1167195600.0
GLDI,1511931600.0
GLMD,1394683200.0
GLNG,1058241600.0
GLPI,1381723200.0
GLRE,1179979200.0
GLRI,1350446400.0
GLUU,1174536000.0
GLYC,1389330000.0
GMLP,1302235200.0
GNBC,1407470400.0
GNCA,1391576400.0
GNCMA,588225600.0
GNMA,1329800400.0
GNMK,1275019200.0
GNTX,377845200.0
GOGO,1371787200.0
GOLD,1028001600.0
GOOD,1060833600.0
GOODO,1512709200.0
GOODP,1157601600.0
GOOG,1092888000.0
GOOGL,1092888000.0
GPIC,764917200.0
GPOR,920437200.0
GPRE,1142398800.0
GPRO,1403755200.0
GRID,1258434000.0
GRIF,866606400.0
GRMN,976251600.0
GROW,833774400.0
GRPN,1320379200.0
GRVY,1107838800.0
GSBC,629701200.0
GSIT,1175140800.0
GSM,1248926400.0
GSOL,-441831600.0
GSVC,1303963200.0
GT,104400.0
GTIM,808718400.0
GTLS,1153886400.0
GTWN,-441831600.0
GTXI,1075784400.0
GUID,-441831600.0
GULF,1216180800.0
GULTU,1370318400.0
GURE,1161576000.0
GWGH,1411617600.0
GWPH,1367380800.0
GYRO,808718400.0
HA,803707200.0
HABT,1416459600.0
HAFC,765604800.0
HAIN,759042000.0
HALL,622094400.0
HAS,322117200.0
HAWK,1366344000.0
HAYN,1174449600.0
HBAN,322117200.0
HBANP,1208404800.0
HBCP,1223438400.0
HBHC,676008000.0
HBIO,984978000.0
HBK,1349841600.0
HBMD,1191902400.0
HBNC,1010552400.0
HBP,1231131600.0
HCAC,1501560000.0
HCACU,-441831600.0
HCAP,1367553600.0
HCCI,1205294400.0
HCKT,896328000.0
HCOM,1296018000.0
HCSG,438930000.0
HDNG,801374400.0
HDP,1414468800.0
HDS,1372305600.0
HDSN,783752400.0
HEAR,1289797200.0
HEES,1138683600.0
HELE,322203600.0
HERO,-441831600.0
HFBC,887000400.0
HFBL,1182312000.0
HIBB,845006400.0
HIFS,598078800.0
HIHO,850280400.0
HIIQ,1360299600.0
HILL,-441831600.0
HIMX,1143781200.0
HLIT,801201600.0
HMHC,1384405200.0
HMNF,772948800.0
HMNY,871012800.0
HMST,1328850000.0
HMSY,724654800.0
HMTV,1365134400.0
HNNA,1110344400.0
HNRG,853736400.0
HOFT,1025150400.0
HOLI,1125460800.0
HOLX,636267600.0
HOMB,1151035200.0
HOTR,1162270800.0
HOVNP,1133326800.0
HPJ,1213848000.0
HQY,1406779200.0
HRTX,557035200.0
HRZN,1288324800.0
HSGX,1417582800.0
HSIC,815374800.0
HSII,925185600.0
HSKA,867729600.0
ARUN,-441831600.0
ASPX,-441831600.0
BYLK,-441831600.0
CALL,823669200.0
CDTI,819954000.0
CDW,1372305600.0
CHCI,1103000400.0
CHCO,551678400.0
CIFC,-441831600.0
CIZ,1412136000.0
CIZN,940305600.0
CLBH,-441831600.0
CNDO,-441831600.0
CNET,1250222400.0
CNIT,1158897600.0
CPLA,1163134800.0
CPLP,1175227200.0
CSCO,635144400.0
CSF,946875600.0
CUBA,770011200.0
CUI,937368000.0
CZFC,922770000.0
CZNC,833428800.0
DLBL,1281412800.0
DLBS,1281412800.0
DWSN,638427600.0
DXCM,1113451200.0
EEML,1326949200.0
EFII,717998400.0
ETFC,840168000.0
ETRM,1195102800.0
FBIZ,1131512400.0
FFWM,1414990800.0
FGEN,1415941200.0
FOMX,1411012800.0
FONE,1298005200.0
FSLR,1163739600.0
FSNN,1109307600.0
GAIA,941169600.0
GAIN,1119499200.0
GILD,696056400.0
GILT,733122000.0
GRBK,1182312000.0
GRFS,1306987200.0
HALO,1079413200.0
HFWA,894513600.0
HGSH,1206331200.0
HSNI,1218513600.0
HSON,1047963600.0
HSTM,955425600.0
HTBI,1341979200.0
HTBK,900907200.0
HTBX,1374638400.0
HTHT,1269576000.0
HTLD,531550800.0
HTLF,915426000.0
HUBG,826693200.0
HURC,336196800.0
HURN,1097640000.0
HWBK,932443200.0
HWCC,1150344000.0
HWKN,322203600.0
HYGS,973054800.0
HYLS,1361941200.0
HYND,1387342800.0
HYZD,1387342800.0
HZNP,1311825600.0
IBCP,1265086800.0
IBKC,797227200.0
IBKR,1178251200.0
IBOC,809755200.0
IBTX,1365048000.0
ICAD,700808400.0
ICBK,1421384400.0
ICCC,805348800.0
ICFI,1159416000.0
ICLD,1358139600.0
ICLDW,1388638800.0
ICLN,1214366400.0
ICLR,895204800.0
ICON,632984400.0
ICPT,1349928000.0
ICUI,702018000.0
IDCC,374389200.0
IDRA,822546000.0
IDSA,833428800.0
IDSY,930715200.0
IDTI,445842000.0
IDXX,677476800.0
IEP,554011200.0
IESC,885963600.0
IFEU,1198731600.0
IFGL,1198731600.0
IFNA,1198731600.0
IFON,1087444800.0
IFV,1184904000.0
IGLD,933912000.0
IGOV,1233291600.0
III,1171256400.0
IIIN,700808400.0
IIJI,933739200.0
IIN,322117200.0
IIVI,560145600.0
IKNX,1512709200.0
ILMN,964756800.0
IMDZ,1406174400.0
IMGN,627282000.0
IMI,1321592400.0
IMKTA,559281600.0
IMMR,942382800.0
IMMU,450594000.0
IMOS,1057204800.0
INAP,938577600.0
INBK,1144209600.0
INCR,1415336400.0
INCY,752389200.0
INDB,516427200.0
INDY,1258693200.0
INFI,964756800.0
INFN,1181188800.0
INGN,1392354000.0
INO,913093200.0
INOD,744955200.0
INSM,959832000.0
INSY,955684800.0
INTG,808718400.0
INTL,794466000.0
INTU,731912400.0
INTX,1083297600.0
INVE,876196800.0
INVT,949640400.0
INWK,1155700800.0
IOSP,895032000.0
IPAR,570949200.0
IPAS,1064808000.0
IPCC,1045026000.0
IPCI,1256529600.0
IPHS,1162443600.0
IPKW,1393477200.0
IPWR,1385096400.0
IPXL,819349200.0
IRBT,1131512400.0
IRDM,1205985600.0
IRDMB,1400212800.0
IRIX,824446800.0
IRMD,1405483200.0
IROQ,1512709200.0
IRWD,1265173200.0
ISBC,1129089600.0
ISCA,847170000.0
ISHG,1233118800.0
ISIG,732430800.0
ISM,1140066000.0
ISNS,799646400.0
ISRG,961128000.0
ISRL,808718400.0
ISSC,965361600.0
ISTR,1404187200.0
ITCI,1389070800.0
ITIC,533970000.0
ITRI,752475600.0
ITRN,1127880000.0
IVAC,816930000.0
IXYS,906609600.0
JACK,699771600.0
JAKK,831009600.0
JASN,1382068800.0
JASO,1170824400.0
JAZZ,1180670400.0
JBHT,438325200.0
JBLU,1018584000.0
JCOM,932702400.0
JCS,374907600.0
JCTCF,829281600.0
JD,1400731200.0
JJSF,507877200.0
JKHY,501310800.0
JMBA,1122523200.0
JOBS,1096430400.0
JOUT,560750400.0
JRJC,1097812800.0
JRVR,1418360400.0
JSM,1072760400.0
JTPY,1336708800.0
JUNO,1418965200.0
JVA,1115092800.0
JXSB,798696000.0
JYNT,1415682000.0
KBAL,322117200.0
KBSF,1362632400.0
KCAP,1165899600.0
KCLI,358056000.0
KE,1406001600.0
KELYB,460353600.0
KEQU,322117200.0
KERX,964756800.0
KEYW,1285905600.0
KFFB,1109826000.0
KFRC,808459200.0
KGJI,957499200.0
KIN,1386824400.0
KINS,940910400.0
KIRK,1028001600.0
KITE,-441831600.0
KLAC,339825600.0
KLIC,322117200.0
KLXI,1417669200.0
KMDA,1369972800.0
KNDI,1188878400.0
KONA,1124164800.0
KONE,1274068800.0
KOOL,808718400.0
KOPN,703310400.0
KRFT,-441831600.0
KRNY,1109221200.0
KTCC,425102400.0
KTEC,743400000.0
KTOS,941778000.0
KTWO,1399521600.0
KVHI,828421200.0
KWEB,1375329600.0
LABC,-441831600.0
LABL,557035200.0
LAKE,526622400.0
LALT,1401336000.0
LAMR,838958400.0
LANC,322117200.0
LAND,1359435600.0
LARK,764830800.0
LAWS,322117200.0
LAYN,714283200.0
LBAI,915426000.0
LBIX,744264000.0
LBRDA,1415077200.0
LBRDK,1415163600.0
LBTYA,1086235200.0
LBTYB,1086753600.0
LCUT,676094400.0
LDRH,-441831600.0
LDRI,1410321600.0
LE,1395288000.0
LECO,765691200.0
LEDS,1291870800.0
LENS,1422507600.0
LFUS,717134400.0
LFVN,857970000.0
LGCY,1168578000.0
LGCYO,1402545600.0
LGCYP,1397448000.0
LGIH,1383800400.0
LGND,722062800.0
LHCG,1118289600.0
LIME,903067200.0
LINC,1119499200.0
LION,783579600.0
LKFN,871531200.0
LKQ,1065412800.0
LLEX,1256529600.0
LLNW,1181275200.0
LMAT,1161230400.0
LMBS,1415163600.0
LMIA,-441831600.0
LMNR,1065499200.0
LMNX,954993600.0
LMOS,1320033600.0
LMRK,1415941200.0
LNCE,322117200.0
LNCO,-441831600.0
LNDC,824360400.0
LOAN,926568000.0
LOCM,-441831600.0
LOCO,1406260800.0
LOGI,859438800.0
LOGM,1246420800.0
LOOK,-441831600.0
LOPE,1227157200.0
LORL,1122436800.0
LOXO,1406865600.0
LPCN,1382414400.0
LPSN,955080000.0
LPTH,825483600.0
LPTN,-441831600.0
LQDT,1141016400.0
LRAD,863150400.0
LRCX,452491200.0
LSBK,1144209600.0
LSCC,626590800.0
LSTR,731307600.0
LTBR,974091600.0
LTRE,818226000.0
LTRPA,1409112000.0
LTRPB,1409198400.0
LTRX,965361600.0
LTXB,1159848000.0
LULU,1185508800.0
LUNA,1149480000.0
LVNTA,1344571200.0
LWAY,599374800.0
LXRX,955080000.0
LYTS,479451600.0
MACK,1332993600.0
MAG,1173844800.0
MAGS,732862800.0
MAMS,867297600.0
MANH,893304000.0
MANT,1013058000.0
MARK,1055217600.0
MARPS,808718400.0
MASI,1186545600.0
MAT,322117200.0
MATR,950158800.0
MATW,774676800.0
MAYS,699080400.0
MBCN,1046322000.0
MBFI,797227200.0
MBFIP,1408420800.0
MBII,1375416000.0
MBSD,1409803200.0
MBTF,915426000.0
MBUU,1391144400.0
MBWM,932443200.0
MCBC,895636800.0
MCBK,1349755200.0
MCEP,1323925200.0
MCHP,732517200.0
MCHX,1080709200.0
MCRI,744609600.0
MDCA,798091200.0
MDCO,965707200.0
MDRX,932961600.0
MDSO,1245902400.0
MDWD,1395288000.0
MDXG,1202792400.0
MEET,1062648000.0
MEIL,1351137600.0
MEIP,1071723600.0
MELI,1186718400.0
MELR,947048400.0
MEOH,706248000.0
MERC,585374400.0
MFNC,953269200.0
MFSF,946530000.0
MGCD,1058241600.0
MGEE,322117200.0
MGI,1092283200.0
MGIC,683524800.0
MGLN,1077685200.0
MGNX,1381377600.0
MGPI,593409600.0
MGRC,469170000.0
MGYR,1138078800.0
MICT,1350446400.0
MIDD,555566400.0
MIK,1403841600.0
MIND,787813200.0
MINI,761461200.0
MITK,801460800.0
MITL,1271908800.0
MKSI,922770000.0
MKTX,1099630800.0
MLAB,446878800.0
MLHR,322117200.0
MLNK,759474000.0
MLNX,1170910800.0
MLVF,1211342400.0
MMAC,841377600.0
MMLP,1036126800.0
MMSI,642657600.0
MMYT,1281585600.0
MNDO,965707200.0
MNGA,1227070800.0
MNKD,1090987200.0
MNRO,680846400.0
MNST,502952400.0
MNTA,1087876800.0
MNTX,1108443600.0
MOBL,1402545600.0
MOFG,1201582800.0
MOLG,-441831600.0
MOMO,1177992000.0
MORN,1115092800.0
MOSY,995342400.0
MPAA,764398800.0
MPB,1512968400.0
MPET,-441831600.0
MPWR,1100840400.0
MRCC,1351137600.0
MRCY,886136400.0
MRGE,886050000.0
MRLN,1068613200.0
MRNS,1198731600.0
MRVC,-441831600.0
MRVL,962337600.0
MSBF,1182312000.0
MSCC,354517200.0
MSEX,322117200.0
MSFG,694846800.0
MSFT,511074000.0
MSG,1264395600.0
MSON,696142800.0
MSTR,897537600.0
MTBC,1406088000.0
MTEX,1512709200.0
MTGE,1312430400.0
MTGEP,1400472000.0
MTLS,1403668800.0
MTRX,654321600.0
MTSC,322117200.0
MTSI,1331784000.0
MTSL,864187200.0
MU,454910400.0
MULT,1404878400.0
MVIS,841118400.0
MXIM,573109200.0
MYL,322117200.0
MYOS,1272859200.0
MYRG,1218600000.0
MZOR,1369713600.0
NAII,751780800.0
NAME,-441831600.0
NANO,470466000.0
NATH,730702800.0
NATI,795157200.0
NATR,1245902400.0
NAUH,1199682000.0
NAVG,519537600.0
NAVI,1397707200.0
NBIX,832824000.0
NBN,556344000.0
NBS,-441831600.0
NBTB,700808400.0
NBTF,-441831600.0
NCIT,-441831600.0
NCLH,1358485200.0
NCMI,1170910800.0
NCTY,1103086800.0
NDAQ,1025496000.0
NDLS,1372392000.0
NDRM,1415941200.0
NEO,1079413200.0
NEOG,619848000.0
NEON,699598800.0
NEOT,1416459600.0
NEPT,1186977600.0
NERV,1404187200.0
NETE,1224216000.0
NEWP,-441831600.0
NEWS,1166072400.0
NEWT,970027200.0
NFBK,1194498000.0
NFEC,1161144000.0
NFLX,1022126400.0
NGHC,1392872400.0
NGHCP,1403236800.0
NICE,822546000.0
NICK,883371600.0
NKSH,944024400.0
NKTR,767937600.0
NLNK,1320987600.0
NLST,1165813200.0
NNBR,763707600.0
NRCIA,1369281600.0
NRCIB,876715200.0
NRIM,658645200.0
NRX,-441831600.0
NSEC,322203600.0
NSIT,790923600.0
NSSC,378450000.0
NSTG,1372219200.0
NSYS,740894400.0
NTAP,816930000.0
NTCT,934430400.0
NTES,962337600.0
NTGR,1059624000.0
NTIC,701672400.0
NTLS,-441831600.0
NTRI,954392400.0
NTRS,322117200.0
NTRSP,1406779200.0
NTWK,906696000.0
NUAN,818658000.0
NURO,1090468800.0
NVCN,1170651600.0
NVEC,842414400.0
NVEE,1380513600.0
NVFY,1318824000.0
NVGN,915598800.0
NVMI,955425600.0
NWBI,784184400.0
NWBO,1008306000.0
NWBOW,1354856400.0
NWFL,888987600.0
NWLI,322117200.0
NWPX,817707600.0
NWS,1371614400.0
NWSA,1371614400.0
NXPI,1281067200.0
NXST,1069736400.0
NXTD,1377230400.0
NXTM,1130385600.0
NYMX,882766800.0
NYNY,752475600.0
OBAS,923457600.0
OBCI,354517200.0
OCC,828421200.0
OCFC,836366400.0
OCLR,955425600.0
OCRX,1301889600.0
OCUL,1406260800.0
ODFL,688276800.0
ODP,581140800.0
OFED,1294981200.0
OFIX,704088000.0
OFLX,1122868800.0
OFS,1352350800.0
OGXI,-441831600.0
OHAI,1100062800.0
OHGI,599806800.0
OHRP,1177992000.0
OIIM,967694400.0
OKSB,756104400.0
OMAB,1164776400.0
OMCL,997329600.0
OMED,1374120000.0
OMER,1254974400.0
OMEX,940910400.0
ONB,456552000.0
ONCY,-441831600.0
ONEQ,1064980800.0
ONNN,-441831600.0
ONTX,1374724800.0
ONVI,951973200.0
OPB,1397620800.0
OPHC,1056340800.0
OPHT,1380081600.0
OPOF,916030800.0
OPTT,1177473600.0
ORBC,1162789200.0
ORBK,460872000.0
OREX,1177905600.0
ORIG,1316404800.0
ORIT,1169614800.0
ORLY,735537600.0
ORMP,1177992000.0
ORPN,1406779200.0
ORRF,926568000.0
OSBC,753426000.0
OSIR,1155096000.0
OSIS,875764800.0
OSN,1292907600.0
OSTK,1022731200.0
OSUR,532587600.0
OTEL,1103173200.0
OTEX,822459600.0
OTIC,1407902400.0
OTIV,1037077200.0
OTTR,322117200.0
OVAS,1352696400.0
OVBC,783925200.0
OVLY,1066190400.0
OXBR,1395892800.0
OXFD,1385096400.0
OXLC,1295586000.0
OXLCO,1372651200.0
OZRK,869112000.0
PAAS,802929600.0
PACB,1288152000.0
PACW,960177600.0
PAGG,1222142400.0
PAHC,1397188800.0
PANL,1387429200.0
PARN,-441831600.0
PBCT,584164800.0
PBHC,833428800.0
PBIB,1512709200.0
PBIP,1112158800.0
PBMD,1334808000.0
PBPB,1380859200.0
PBSK,1315972800.0
PCAR,322117200.0
PCBK,925099200.0
PCH,322117200.0
PCLN,922856400.0
PCMI,796968000.0
PCO,1084334400.0
PCOM,1297314000.0
PCRX,1296709200.0
PCTI,934257600.0
PCTY,1395201600.0
PCYG,940996800.0
PCYO,852181200.0
PDBC,1415336400.0
PDCE,638427600.0
PDCO,720248400.0
PDEX,808718400.0
PDFS,996552000.0
PEGI,1380254400.0
PEIX,1111640400.0
PENN,769924800.0
PERI,1138683600.0
PERY,737956800.0
PESI,808718400.0
PETS,925099200.0
PETX,1372305600.0
PFBC,935035200.0
PFBI,832305600.0
PFBX,932356800.0
PFIE,1268197200.0
PFIN,1512968400.0
PFIS,1023249600.0
PFLT,1302235200.0
PFMT,1344571200.0
PFPT,1334894400.0
PFSW,944110800.0
PGC,925185600.0
PGNX,879915600.0
PGTI,1151467200.0
PHII,369892800.0
PHIIK,355467600.0
PHMD,824878800.0
PINC,1380168000.0
PKBK,1056340800.0
PKOH,322117200.0
PLAB,542350800.0
PLAY,1412913600.0
PLBC,1039582800.0
PLCE,874641600.0
PLPC,925272000.0
PLPM,1227157200.0
PLTM,1270008000.0
PLUG,941169600.0
PLUS,848034000.0
PLXS,507963600.0
PMBC,948862800.0
PMD,761461200.0
PME,1312257600.0
PNBK,1512622800.0
PNFP,966916800.0
PNNT,1176955200.0
PNQI,1213329600.0
PNTR,771825600.0
PODD,1179201600.0
POOL,813556800.0
POPE,1512104400.0
POWI,881902800.0
PPBI,867211200.0
PPC,567838800.0
PPHM,765432000.0
PPHMP,1393477200.0
PPSI,1367380800.0
PRAA,1036731600.0
PRAH,1415854800.0
PRAN,1064808000.0
PRCP,714369600.0
PRFT,933220800.0
PRFZ,1158552000.0
PRGS,680846400.0
PRGX,827902800.0
PRIM,1217995200.0
PRKR,754722000.0
PRMW,1288929600.0
PROV,835934400.0
PRPH,861681600.0
PRQR,1411012800.0
PRSC,1061352000.0
PRSS,1332993600.0
PRTA,1356066000.0
PRTK,1233637200.0
PRTO,1413950400.0
AFFX,-441831600.0
ARCP,-441831600.0
BIOD,-441831600.0
BNCN,-441831600.0
CACB,-441831600.0
CBNJ,-441831600.0
CBNK,-441831600.0
CFNL,-441831600.0
CLACU,-441831600.0
CLDN,-441831600.0
CLMS,-441831600.0
CNLM,-441831600.0
CPGI,-441831600.0
EMMSP,-441831600.0
ENTA,1363838400.0
ENTG,963288000.0
FBMS,1041483600.0
FEIC,-441831600.0
GLDC,-441831600.0
IART,808545600.0
IBB,981954000.0
IEUS,1198731600.0
IFAS,1199682000.0
IMMY,1190952000.0
INTC,322117200.0
IPDN,1362459600.0
IPGP,1165986000.0
IRG,-441831600.0
JBSS,691822800.0
KALU,1152244800.0
KANG,1397016000.0
KOSS,698994000.0
KPTI,1383714000.0
LBTYK,1126152000.0
LCNB,940910400.0
LIVE,1012280400.0
LJPC,1329886800.0
LMCB,-441831600.0
LPLA,1290056400.0
LPNT,926481600.0
MAR,750484800.0
MARA,1336104000.0
MDIV,1344916800.0
MDLZ,992404800.0
MHLD,1210046400.0
MNOV,1165554000.0
MRD,-441831600.0
MRTN,528004800.0
MRTX,1373860800.0
MWIV,-441831600.0
MXWL,416811600.0
MYGN,812952000.0
NECB,1152158400.0
NSPH,-441831600.0
NUVA,1084420800.0
NVDA,916981200.0
NYMT,1090814400.0
OLBK,1063771200.0
OLED,829195200.0
OSBCP,1056945600.0
AIQ,-441831600.0
CMGE,-441831600.0
NBBC,-441831600.0
NDSN,1513659600.0
NILE,-441831600.0
NMIH,1383886800.0
NMRX,762670800.0
NPBC,-441831600.0
NPSP,-441831600.0
NTK,-441831600.0
NVAX,1513573200.0
ONTY,-441831600.0
OVTI,-441831600.0
PATK,322117200.0
PAYX,430718400.0
PCYC,-441831600.0
PDLI,696661200.0
PEBK,498283200.0
PEBO,729320400.0
PEGA,837748800.0
PICO,669531600.0
PIH,1396324800.0
PKT,-441831600.0
PMCS,-441831600.0
PNRA,-441831600.0
PNRG,1511499600.0
POWL,322117200.0
POZN,-441831600.0
PRTS,1170997200.0
PRXL,-441831600.0
PSAU,1222142400.0
PSCC,1270612800.0
PSCD,1270612800.0
PSCE,1270612800.0
PSCF,1270612800.0
PSCH,1270612800.0
PSCI,1270612800.0
PSCM,1270612800.0
PSCT,1270612800.0
PSCU,1270612800.0
PSDV,1106802000.0
PSEC,1090900800.0
PSIX,1334635200.0
PSMT,873172800.0
PSTB,1171342800.0
PSTI,1056945600.0
PTC,629096400.0
PTCT,1371700800.0
PTEN,752216400.0
PTIE,963547200.0
PTLA,1369195200.0
PTNR,940996800.0
PTSI,526708800.0
PTX,855291600.0
PULB,-441831600.0
PVTBP,-441831600.0
PWOD,1513659600.0
PWRD,-441831600.0
PXLW,958708800.0
PZZA,739512000.0
QABA,1246420800.0
QADA,1292475600.0
QADB,870840000.0
QAT,1398916800.0
QBAK,961732800.0
QCCO,1089950400.0
QCLN,1171429200.0
QCOM,692600400.0
QCRH,749880000.0
QDEL,665384400.0
QGEN,1513573200.0
QINC,1394510400.0
QIWI,1367553600.0
QKLS,1191902400.0
QLGC,-441831600.0
QLTI,-441831600.0
QLYS,1348804800.0
QNST,1265864400.0
QQEW,1146542400.0
QQQ,921042000.0
QQQC,1264136400.0
QQQX,1170306000.0
QQXT,1178510400.0
QRHC,1262667600.0
QRVO,1420174800.0
QSII,407566800.0
QTEC,1146542400.0
QTWW,-441831600.0
QURE,1391576400.0
QVCA,1147233600.0
QVCB,1147233600.0
QYLD,1386824400.0
RADA,488433600.0
RAIL,1112760000.0
RAND,535093200.0
RARE,1391144400.0
RAVE,746856000.0
RAVN,322117200.0
RBCAA,901080000.0
RBCN,1195189200.0
RBPAA,558331200.0
RCII,791010000.0
RCKY,728715600.0
RCMT,432187200.0
RCON,1248926400.0
RCPI,-441831600.0
RDCM,875160000.0
RDHL,1357534800.0
RDI,700808400.0
RDIB,947048400.0
RDNT,852267600.0
RDUS,1402027200.0
RDVY,1389070800.0
RDWR,938664000.0
RECN,976856400.0
REFR,756363600.0
REGI,1326949200.0
REGN,670568400.0
REIS,808718400.0
RELL,436161600.0
RELV,732171600.0
REPH,1394168400.0
RESN,1401336000.0
REXX,1185336000.0
RFIL,765604800.0
RGCO,760078800.0
RGSE,1210219200.0
RIBT,1064980800.0
RICK,813556800.0
RIGL,975474000.0
RITT,869544000.0
RLJE,1302235200.0
RLOG,1108616400.0
RMBS,863582400.0
RMCF,508482000.0
RMGN,1335931200.0
RMTI,885877200.0
RNET,1292389200.0
RNST,704088000.0
RNWK,880088400.0
ROBO,1382414400.0
ROCK,752475600.0
ROIC,1257224400.0
ROKA,1405569600.0
ROLL,1123646400.0
ROSE,1139806800.0
ROSG,1172552400.0
ROST,492321600.0
ROYL,765432000.0
RPRX,733122000.0
RPXC,1304481600.0
RRD,322117200.0
RRGB,1027051200.0
RSYS,814161600.0
RTIX,965880000.0
RTRX,1352350800.0
RUSHA,1065499200.0
RUSHB,834120000.0
RUTH,1123560000.0
RVLT,764485200.0
RVNC,1391662800.0
RVSB,751521600.0
RWLK,1410494400.0
RXDX,1390971600.0
RXII,1336622400.0
SABR,1397707200.0
SAEX,1312776000.0
SAFM,548395200.0
SAFT,1037941200.0
SAGE,1405656000.0
SAIA,1031716800.0
SAL,904017600.0
SALM,930801600.0
SAMG,1372305600.0
SANM,734760000.0
SANW,1276488000.0
SASR,765691200.0
SATS,1199250000.0
SAVE,1306382400.0
SBAC,929505600.0
SBBX,887950800.0
SBCF,444546000.0
SBCP,1405396800.0
SBFG,915426000.0
SBFGP,1422853200.0
SBGI,802497600.0
SBLK,1196658000.0
SBLKL,1415336400.0
SBNY,1080018000.0
SBRA,1017723600.0
SBRAP,1363838400.0
SBSI,895032000.0
SBUX,709531200.0
SCHL,698994000.0
SCHN,753426000.0
SCMP,1186027200.0
SCSS,912747600.0
SCVL,732258000.0
SCYX,1399003200.0
SEAC,847170000.0
SEED,1080536400.0
SEIC,1513659600.0
SENEA,896846400.0
SENEB,322117200.0
SEV,-441831600.0
SFBC,1511499600.0
SFBS,1400040000.0
SFLY,1159502400.0
SFM,1513659600.0
SFNC,479624400.0
SFST,941083200.0
SGC,322117200.0
SGEN,984114000.0
SGMA,760770000.0
SGMO,954993600.0
SGMS,462081600.0
SGOC,1207713600.0
SGRP,825915600.0
SGYP,1227070800.0
SHBI,986788800.0
SHEN,925099200.0
SHIP,1201669200.0
SHLD,1051761600.0
SHLM,322117200.0
SHLO,741326400.0
SHOO,755758800.0
SHOS,1350014400.0
SHPG,890802000.0
SIEB,1512709200.0
SIEN,1350619200.0
SIFI,1096603200.0
SIFY,940305600.0
SIGA,873864000.0
SIGI,322117200.0
SIGM,516513600.0
SILC,761547600.0
SIMO,1120104000.0
SINA,955598400.0
SINO,1211342400.0
SIRI,779428800.0
SIVB,562222800.0
SIVBO,1079413200.0
SKIS,1416546000.0
SKOR,1415854800.0
SKYS,1415854800.0
SKYW,520142400.0
SKYY,1309924800.0
SLAB,953874000.0
SLCT,1512709200.0
SLGN,855896400.0
SLMBP,1121054400.0
SLP,866692800.0
SLRC,1265691600.0
SLVO,1366171200.0
SMBC,766123200.0
SMCI,1175140800.0
SMED,1514350800.0
SMIT,791528400.0
SMLR,1392958800.0
SMMF,947221200.0
SMPL,1499227200.0
SMRT,703915200.0
SMSI,811483200.0
SMTC,322117200.0
SMTX,964152000.0
SNBC,841291200.0
SNC,1098331200.0
SNCR,1150344000.0
SNFCA,555739200.0
SNHY,852786000.0
SNMX,1087876800.0
SNPS,699080400.0
SNSS,1127793600.0
SOCL,1321333200.0
SODA,1288756800.0
SOFO,1512104400.0
SOHO,1103259600.0
SOHU,963374400.0
SONA,1162357200.0
SONC,667717200.0
SONS,959227200.0
SORL,1131598800.0
SOXX,994996800.0
SP,1513659600.0
SPDC,756018000.0
SPEX,463377600.0
SPHS,1276056000.0
SPIL,961560000.0
SPKE,1406606400.0
SPLK,1334808000.0
SPNS,889074000.0
SPOK,1100667600.0
SPPI,843710400.0
SPRO,1508990400.0
SPRT,963979200.0
SPSC,1513659600.0
SPTN,965188800.0
SPWH,1397707200.0
SPWR,1132203600.0
SQBG,1088740800.0
SQQQ,1265864400.0
SRCE,429508800.0
SRCL,840772800.0
SRDX,888987600.0
SREV,1301025600.0
SRNE,1174276800.0
SRPT,865396800.0
SSB,854427600.0
SSBI,1513659600.0
SSFN,927604800.0
SSNC,1270008000.0
SSYS,782712000.0
STAA,698907600.0
STB,1197003600.0
STBA,703828800.0
STBZ,1296018000.0
STFC,678081600.0
STKL,506581200.0
STLD,848638800.0
STLY,723704400.0
STML,1359435600.0
STMP,930283200.0
STPP,1281412800.0
STRS,709963200.0
STRT,793515600.0
STX,1039582800.0
STXS,1092283200.0
SUMR,1173243600.0
SUNS,1513659600.0
SUPN,1335844800.0
SVA,1067835600.0
SVBI,1512709200.0
SVVC,1303963200.0
SWIR,957499200.0
SWKS,463377600.0
SYBT,732949200.0
SYKE,830836800.0
SYMC,614577600.0
SYMX,1186545600.0
SYNA,1012280400.0
SYNC,1329109200.0
SYNL,322117200.0
SYNT,871358400.0
SYPR,1514350800.0
TACT,840686400.0
TAIT,798264000.0
TAPR,1405396800.0
TAST,1513659600.0
TATT,544165200.0
TAX,1513659600.0
TAYD,808718400.0
TBBK,1075784400.0
TBK,1387170000.0
TBNK,1247457600.0
TBPH,1400212800.0
TCBI,1060833600.0
TCBIL,1348804800.0
TCBIP,1364184000.0
TCBK,735278400.0
TCCO,638427600.0
TDIV,1344916800.0
TEAR,1102568400.0
TECD,514616400.0
TECH,603003600.0
TEDU,1511845200.0
TENX,852181200.0
TERP,1405656000.0
TESO,849502800.0
TESS,780724800.0
TFSL,1177300800.0
TGA,447915600.0
TGEN,1400558400.0
TGLS,1336622400.0
TGTX,1272859200.0
THFF,699598800.0
THRM,739684800.0
THST,1371700800.0
THTI,1260939600.0
TICC,1069650000.0
TILE,419144400.0
TIPT,1287115200.0
TISA,1513659600.0
TITN,1197522000.0
TIVO,858229200.0
TKMR,1185422400.0
TLF,749102400.0
TLOG,1386824400.0
TNAV,1273723200.0
TNDM,1384405200.0
TNXP,1336622400.0
TOPS,1091419200.0
TOUR,1399608000.0
TOWN,925876800.0
TQQQ,1265864400.0
TRCB,1144728000.0
TRIB,1513659600.0
TRIL,1363924800.0
TRIP,1323234000.0
TRMB,648446400.0
TRMK,322117200.0
TRNS,322117200.0
TROV,1090900800.0
TROW,512802000.0
TRS,1179460800.0
TRST,419662800.0
TRVN,1391144400.0
TSBK,884667600.0
TSC,1368072000.0
TSCO,761461200.0
TSEM,783144000.0
TSLA,1277784000.0
TSRI,638427600.0
TSRO,1340856000.0
TST,926395200.0
TTEC,838872000.0
TTEK,692946000.0
TTGT,1179374400.0
TTMI,969854400.0
TTOO,1407384000.0
TTPH,1513659600.0
TTS,1345608000.0
TTWO,861076800.0
TUES,924753600.0
TUSA,1420779600.0
TVIX,1291093200.0
TVIZ,1291093200.0
TWER,1169614800.0
TWIN,322117200.0
TWMC,522561600.0
TWOU,1395979200.0
TXN,76219200.0
TXRH,1096948800.0
TYPE,1185336000.0
UAE,1398916800.0
UBCP,1512709200.0
UBFO,920437200.0
UBNK,1124251200.0
UBNT,1318564800.0
UBOH,953701200.0
UBSH,749880000.0
UBSI,549777600.0
UCBA,1143781200.0
UCBI,1016686800.0
UCFC,899956800.0
UCTT,1080190800.0
UEIC,729493200.0
UEPS,924494400.0
UFCS,322203600.0
UFPI,752907600.0
UFPT,756104400.0
UG,322117200.0
UGLD,1318824000.0
UHAL,783925200.0
UIHC,1194411600.0
ULBI,725086800.0
ULTA,1193284800.0
ULTI,898056000.0
UMBF,322117200.0
UMPQ,896846400.0
UNAM,543819600.0
UNB,934171200.0
UNFI,846824400.0
UNTY,853218000.0
UPLD,1415250000.0
URBN,752821200.0
USAK,700981200.0
USAP,787381200.0
USAT,928728000.0
USATP,794466000.0
USCR,1287115200.0
USEG,638427600.0
UTHR,929592000.0
UTMD,920869200.0
UTSI,952059600.0
UVSP,892699200.0
VALU,808718400.0
VALX,1418274000.0
VBFC,1514350800.0
VBIV,640843200.0
VBLT,1412136000.0
VBND,1413432000.0
VBTX,1412827200.0
VCEL,855032400.0
VCIT,1258952400.0
VCLT,1258952400.0
VCSH,1258952400.0
VCYT,1383105600.0
VDSI,895723200.0
VECO,786085200.0
VGIT,1258952400.0
VGLT,1262581200.0
VGSH,1258952400.0
VIA,1133758800.0
VIAB,1133758800.0
VICL,732171600.0
VICR,639115200.0
VIDE,474613200.0
VIDI,1383105600.0
VIIX,1291093200.0
VIIZ,1291093200.0
VIVO,522993600.0
VLGEA,322117200.0
VLTC,1276833600.0
VMBS,1258952400.0
VNDA,1144814400.0
VNET,1303358400.0
VNOM,1403064000.0
VNQI,1288584000.0
VOD,594450000.0
VONE,1285128000.0
VONG,1285128000.0
VONV,1285128000.0
VOXX,700722000.0
VPCO,-441831600.0
VRA,1287633600.0
VRML,970459200.0
VRNS,1393563600.0
VRNT,1021521600.0
VRSK,1254888000.0
VRSN,886136400.0
VRTA,1149134400.0
VRTB,1498795200.0
VRTS,1230872400.0
VRTU,1186113600.0
VRTX,680328000.0
VSAR,1395374400.0
VSAT,849589200.0
VSCP,-441831600.0
VSEC,404107200.0
VSTM,1327640400.0
VTAE,-441831600.0
VTHR,1285128000.0
VTIP,1350360000.0
VTL,1397707200.0
VTNR,852181200.0
VTWG,1285128000.0
VTWO,1285128000.0
VTWV,1285128000.0
VUSE,1390366800.0
VUZI,1270440000.0
VVUS,765691200.0
VWOB,1370318400.0
VWR,1412222400.0
VXUS,1296190800.0
WABC,322117200.0
WAFD,405666000.0
WASH,550123200.0
WATT,1395979200.0
WAVX,-441831600.0
WAYN,1514350800.0
WB,1397707200.0
WBA,322117200.0
WDC,322117200.0
WDFC,105249600.0
WEBK,1327554000.0
WETF,731221200.0
WEYS,322117200.0
WFBI,1191988800.0
WFD,-441831600.0
WHF,1513659600.0
WHFBL,1374465600.0
WHLM,1511499600.0
WHLR,1353301200.0
WHLRP,1398916800.0
WIFI,1513659600.0
WILC,864100800.0
WILN,-441831600.0
WIN,1107925200.0
WINA,746251200.0
WIRE,711259200.0
WIX,1383714000.0
WLB,924494400.0
WLDN,1164085200.0
WLFC,843019200.0
WLRH,-441831600.0
WMAR,-441831600.0
WMGI,995342400.0
WMGIZ,1362459600.0
WOOD,1214366400.0
WPCS,1065499200.0
WPPGY,567752400.0
WPRT,1218772800.0
WRES,-441831600.0
WRLD,691131600.0
WSBC,547444800.0
WSBF,1128484800.0
WSCI,638514000.0
WSFS,533365200.0
WSFSL,-441831600.0
WTBA,925704000.0
WTFC,892699200.0
WVFC,1514350800.0
WVVI,779601600.0
WWD,765432000.0
WYNN,1035518400.0
XBKS,1066190400.0
XCRA,381474000.0
XENE,1415250000.0
XENT,1406174400.0
XGTI,1334721600.0
XLRN,1379563200.0
XNCR,1386046800.0
XNET,1403582400.0
XOMA,518414400.0
XONE,1360213200.0
XPLR,1204866000.0
XRAY,555739200.0
XTLB,1125547200.0
YDIV,1377230400.0
YNDX,1306209600.0
YORW,925704000.0
YRCW,322117200.0
YY,1353474000.0
Z,1438574400.0
ZAGG,1188878400.0
ZAZA,322117200.0
ZBRA,682228800.0
ZEUS,763275600.0
ZFGN,1403150400.0
ZGNX,1290488400.0
ZHNE,-441831600.0
ZION,322117200.0
ZIOP,1124856000.0
ZIV,1291093200.0
ZIXI,626590800.0
ZN,1167800400.0
ZNGA,1324011600.0
ZSAN,1422334800.0
ZUMZ,1115352000.0
TRUE,1400212800.0
AAMC,1355374800.0
AAU,1135054800.0
ACU,463377600.0
AE,463377600.0
AKG,1199250000.0
ALN,1252900800.0
AMCO,1212033600.0
AMPE,1270008000.0
AMS,463377600.0
ANV,1514523600.0
API,1514523600.0
APT,919141200.0
APTS,1301630400.0
ASM,1132549200.0
AST,946875600.0
ATNM,1356584400.0
AUMN,1241668800.0
AWX,898574400.0
AXU,1157688000.0
BAA,1111986000.0
BCV,463377600.0
BDL,463377600.0
ABGB,345445200
AUMA,-441831600
BAMM,1514523600
BVA,1514523600
CNSI,-441831600
CRRC,-441831600
FRP,1514523600
JST,1514523600
LVNTB,1514523600
NYMTP,1514264400
QTNT,1398398400
RGEN,515131200
RGLS,1349755200
RP,1513659600
RSTI,1514523600
RYAAY,864878400
SAAS,1514523600
SCON,731653200
SCOR,1182916800
SCSC,763966800
SIXD,1278388800
SLM,1513659600
SPAR,456465600
SPCB,1108616400
STRA,838267200
STRL,679291200
STRM,829800000
TCPC,1333512000
TCRD,1271908800
TCX,830836800
TRCH,1289192400
TZOO,1030507200
USLM,322117200
USLV,1318824000
VIRC,322203600
WEN,326433600
WERN,519624000
WSTG,806040000
WSTL,817794000
XIV,1291093200
XLNX,645163200
ZINC,1514523600
ACY,885272400
AINC,1307419200
AIRI,970632000
APP,1514523600
BDR,819349200
BFY,1028001600
BGI,1132030800
BGSF,1398744000
BKJ,1212465600
BLE,1028001600
BLJ,1019793600
BRG,1395979200
BRN,463377600
BTG,1214280000
BTI,324536400
BTN,977202000
BTX,699858000
BVX,919659600
BZM,1019793600
CANF,1352178000
CAW,463377600
CCA,941083200
CCF,814593600
CEF,512888400
CET,700808400
CEV,917413200
CH,632034000
CIK,563086800
CIX,889160400
CKX,931838400
CLM,1028260800
CMT,590385600
CPHI,1019016000
CQH,1386910800
CQP,1174449600
CRF,563086800
CRMD,1273723200
CRVP,758523600
CTO,715924800
CUO,322117200
CUR,1175227200
CVM,439707600
CVU,716702400
DGSE,700981200
DHY,901684800
DIT,807508800
DLA,962596800
DMF,691045200
DNN,1107925200
DPW,862804800
DSS,765777600
DXR,700808400
EAD,1046235600
ECF,635662800
EGI,1121745600
EIA,1038286800
EIM,1030507200
EIO,1038286800
EIP,1043384400
EIV,1038286800
ELLO,812952000
ELMD,1281672000
EMAN,948430800
EMI,917499600
EMJ,1043384400
ENSV,852699600
ENX,1030507200
EPM,853131600
ERC,1056513600
ERH,1083124800
ESP,700808400
ESTE,766641600
EVBN,1018929600
EVI,638514000
EVJ,917413200
EVM,1030507200
EVO,917499600
EVP,917413200
EVV,1055304000
EVY,917413200
FAX,571467600
FCO,700376400
FPP,1127188800
FRD,700808400
FSI,939700800
FSP,1117684800
FTF,1062648000
GBR,733122000
GGN,1112072400
GLO,1146542400
GLOW,803534400
GLQ,1114574400
GLU,1085544000
GLV,1090987200
GMO,1108616400
GORO,1158206400
GPL,1149048000
GRC,322117200
GRF,1074834000
GSAT,1396584000
GSB,1063080000
GSS,1001476800
GST,1136437200
GSV,1339128000
GTE,1135141200
GV,325486800
GVP,806817600
HCHC,1247457600
HEB,837144000
HH,-441831600
HMG,808718400
HNW,1180497600
HRT,-441831600
HTM,1171947600
HUSA,1011675600
IAF,572763600
IBIO,1219118400
IDI,-441831600
IEC,729493200
IF,1005714000
IGC,1148443200
IHT,567838800
IMH,816930000
IMO,521870400
IMUC,1165986000
INFU,1198731600
INS,808718400
INTT,866520000
INUV,902203200
IPB,1074574800
IRT,1376366400
ISDR,1201064400
ISL,719812800
ISR,1131598800
ITI,757659600
JOB,700808400
JRS,1006146000
KIQ,832910400
LAQ,648878400
LBY,740376000
LGL,322117200
LIQT,1314763200
LNG,765432000
LODE,1279684800
LOV,1139893200
LTS,935553600
MAB,1043384400
MCF,765432000
MHE,808718400
MHH,1227070800
MIW,1043384400
MMV,917413200
MOC,720075600
MSN,788590800
MVF,635662800
MXC,857538000
MZA,760770000
NBH,1035259200
NBO,1033012800
NBW,1035259200
NBY,1193371200
NCB,1240891200
NEN,808718400
NG,1070514000
NGD,1100754000
NHC,538117200
NHS,1059451200
NJV,1240891200
NML,1364270400
NMZ,1069304400
NNVC,1130299200
NOG,1176436800
NOM,738388800
NPN,1240891200
NRO,1067403600
NSPR,1302580800
NSU,1040274000
NTIP,1069650000
NTN,719467200
NVG,1031803200
NVX,-441831600
NXK,-441831600
NXZ,-441831600
NYH,1038286800
NYV,1240891200
NZF,1002081600
OESX,1198040400
OGEN,1077685200
ONP,1191211200
ONVO,1329195600
ORM,1372651200
PARR,1346817600
PBM,-441831600
PED,1051848000
PFNX,1406174400
PHF,-441831600
PLG,1131598800
PLM,971323200
PLX,895204800
PVCT,853304400
PW,322117200
PZG,1147060800
QRM,1200027600
RBY,-441831600
RCG,832132800
REED,1177992000
REI,1176177600
RIC,-441831600
RIF,1148616000
RLGT,1162357200
RNN,1131598800
ROX,1144382400
RVP,988948800
RWC,276235200
SARA,1138597200
SBI,700808400
SDPI,1400817600
SEB,322117200
SGA,750398400
SGB,841377600
SIF,322117200
SIM,808718400
SKY,378622800
SPP,-441831600
SSN,1199682000
SSY,638427600
STRP,1374638400
SVBL,924494400
SVLC,-441831600
SVT,105249600
SYN,1166418000
TAS,-441831600
TAT,1176091200
TGB,770529600
TGC,914821200
TGD,-441831600
THM,1177992000
TIK,929073600
TIS,1121400000
TLR,-441831600
TMP,638600400
TOF,-441831600
TRX,1115870400
TRXC,681451200
TXMD,1513573200
UAMY,951368400
UEC,1175745600
UQM,970459200
URG,1216958400
UTG,1077685200
UUU,808718400
UUUU,1174276800
UWN,925704000
VCF,808718400
VFL,808718400
VGZ,641448000
VHC,933307200
VII,322117200
VISI,322117200
VKI,808718400
VMM,730098000
WGA,-441831600
WRN,1148011200
WTT,738216000
WYY,895550400
XPL,1157515200
XXII,1296018000
YUMA,322117200
ZBB,-441831600
AAC,1405656000
AAN,405234000
AAP,1007010000
AAT,1294894800
AAV,1080709200
AB,576993600
ABB,986529600
ABBV,1357102800
ABC,796968000
ABEV,857538000
ABG,1016686800
ABM,322117200
ABR,1081310400
ABRN,1400126400
ABT,322117200
ABX,476341200
ACC,1092628800
ACH,1008046800
ACM,1178769600
ACN,995515200
ACP,1296104400
ACRE,1335499200
ACT,1513141200
ADC,766382400
ADM,322117200
ADS,992577600
ADX,322117200
AEB,1512363600
AED,1132722000
AEE,883717200
AEG,488779200
AEH,1118808000
AEK,1328590800
AEL,1070514000
AEM,322117200
AEO,766296000
AEP,104400
AER,1164085200
AES,677908800
AET,221115600
AFB,1012280400
AFC,1176782400
AFG,322117200
AFGE,1411531200
AFL,322117200
AFSD,1348718400
AFT,1298610000
AG,1164690000
AGC,1180065600
AGCO,703396800
AGD,1153972800
AGI,1234501200
AGM,760856400
AGN,614491200
AGO,1082692800
AGRO,1296190800
AIV,774849600
AIW,1367812800
AIY,1372219200
AIZ,1075957200
AJG,456552000
AKP,1012280400
AKR,738475200
AKS,765003600
AL,1303185600
ALB,761893200
ALDW,1353387600
ALE,105249600
ALEX,1339646400
ALG,732517200
ALK,322117200
ALL,739080000
ALLE,1384750800
ALLY,1390885200
ALSN,1331784000
ALU,-441831600
ALV,862200000
ALX,322117200
AM,1415163600
AMBR,1395374400
AMC,1387342800
AME,459057600
AMG,880088400
AMH,1375329600
AMID,1311739200
AMP,1126756800
AMRC,1279771200
AMT,888555600
AMTD,857451600
AMTG,-441831600
AMX,981954000
AN,642398400
ANET,1402027200
ANF,843710400
ANFI,1349928000
ANH,889678800
AOI,796881600
AON,328766400
AOS,433742400
AP,322117200
APA,295588800
APAM,1362632400
APB,546235200
APC,526536000
APD,322117200
APF,1514264400
APH,689576400
APO,1301457600
APU,797659200
AR,1381377600
ARC,1107493200
ARCO,1302753600
ARDC,1354078800
ARE,864792000
ARES,1399003200
ARI,1253764800
ARL,388213200
ARMK,1386824400
ARPI,-441831600
ARR,1196658000
ARW,322117200
ASA,252651600
ASB,322117200
ASC,1375329600
ASG,510469200
ASGN,717134400
ASH,322117200
ASPN,1402632000
ASR,970113600
ASX,970459200
AT,1259816400
ATEN,1395374400
ATHM,1386738000
ATO,441435600
ATR,735537600
ATTO,1412222400
ATU,964411200
ATV,1178164800
AU,902289600
AUO,1022126400
AUY,1073883600
AVA,322117200
AVAL,1411444800
AVB,763362000
AVD,541746000
AVH,1383714000
AVK,1051675200
AVP,76219200
AVT,105249600
AVX,808459200
AVY,322117200
AWF,743745600
AWI,1161144000
AWK,1208923200
AWP,1177560000
AWR,322117200
AXE,459057600
AXL,917586000
AXS,1057032000
AXTA,1415768400
AYI,1007355600
AYR,1155009600
AZN,737179200
AZO,670568400
AZZ,322117200
B,322117200
BA,-252356400
BABA,1411099200
BAC,322117200
BAF,1035867600
BAH,1290056400
BAK,916203600
BAP,814593600
BAS,1134104400
BAX,373006800
BBD,1028260800
BBDO,1331611200
BBF,996206400
BBG,1102654800
BBK,1019793600
BBL,1056513600
BBN,1283140800
BBT,322203600
BBVA,598165200
BBW,1098936000
BBX,826606800
BBY,482648400
BC,378622800
BCC,1360126800
BCE,406184400
BCEI,1323925200
BCH,1028260800
BCO,820645200
BCR,322117200
BCRH,1383714000
BCS,526622400
BCX,1301371200
BDC,754117200
BDJ,1125374400
BDN,522561600
BDX,322117200
BEL,946875600
BEN,433137600
BEP,1132030800
BERY,1349323200
BFAM,1359090000
BFK,996206400
BFO,1514264400
BFR,754117200
BFS,745732800
BFZ,996206400
BG,996724800
BGB,1348632000
BGC,863755200
BGH,1351224000
BGR,1103778000
BGS,1179892800
BGT,1093838400
BGY,1180065600
BH,322117200
BHE,646459200
BHK,1006923600
BHLB,962164800
BHP,322117200
BID,579499200
BIF,322117200
BIG,488088000
BIO,320475600
BIOA,1368158400
BIP,1199941200
BIT,1361854800
BITA,1290056400
BJZ,1007960400
BK,105249600
BKD,1132635600
BKE,705297600
BKH,322117200
BKK,1064808000
BKN,730098000
BKS,749188800
BKT,585547200
BLH,1008306000
BLK,938750400
BLL,322117200
BLW,1059451200
BLX,717307200
BMA,1143435600
BME,1112072400
BMI,322117200
BMO,783230400
BNJ,996206400
BNS,937195200
BNY,996206400
BOE,1117080000
BOH,322117200
BOOT,765777600
BORN,1276228800
BOX,1421989200
BP,221115600
BPI,1239768000
BPK,1514264400
BPL,535093200
BPT,611899200
BPY,1513659600
BQH,1019793600
BR,1175486400
BRC,463377600
BRFS,972014400
BRO,350715600
BRS,638427600
BRSS,1369281600
BRT,105249600
BRX,1383105600
BSBR,1254888000
BSD,935553600
BSE,1035867600
BSL,1274846400
BSMX,1348632000
BST,946875600
BSX,706248000
BT,470898000
BTA,1141016400
BTE,1144036800
BTO,777009600
BTT,1346299200
BTU,1491192000
BTZ,1166763600
BUD,1246420800
BWA,745214400
BWG,1332907200
BWP,1131598800
BX,1182484800
BXC,1103000400
BXE,1131339600
BXMT,346914000
BXMX,1098849600
BXP,866606400
BXS,498283200
BYD,750657600
BYM,1514264400
BZH,761979600
C,221115600
CACI,322117200
CAE,821250000
CAF,1159416000
CAG,322117200
CAH,428817600
CAJ,322117200
CALX,1269403200
CAPL,1351137600
CAT,-252356400
CATO,546062400
CB,463377600
CBB,322117200
CBD,826261200
CBG,1086840000
CBI,859438800
CBK,702018000
CBL,751780800
CBM,559281600
CBO,1506312000
CBPX,1391576400
CBS,1133758800
CBT,342248400
CBZ,798955200
CCC,549604800
CCE,533192400
CCI,903412800
CCJ,826779600
CCK,322117200
CCL,554097600
CCM,1260507600
CCO,1131944400
CCS,1403064000
CCU,717307200
CCV,1355115600
CCZ,943419600
CDE,322117200
CDR,535179600
CE,1106283600
CEA,855032400
CEB,-441831600
CEE,636181200
CEL,1170824400
CEN,1380168000
CEO,983250000
CEQP,996120000
CF,1123732800
CFG,1411531200
CFR,322117200
CFX,1210219200
CGA,1208318400
CGG,862977600
CGI,759128400
CHA,1037250000
CHD,322117200
CHE,105249600
CHGG,1384318800
CHH,845438400
CHL,877492800
CHMI,1380859200
CHMT,-441831600
CHN,710740800
CHS,732949200
CHSP,1264482000
CHT,1058500800
CHU,961560000
CI,386398800
CIA,344754000
CIB,806731200
CIE,1260939600
CIEN,855291600
CIF,1512363600
CIG,848293200
CII,1085544000
CIM,1196312400
CIO,1397534400
CIR,940219200
CIT,1260421200
CIVI,1410926400
CKH,724568400
CKP,-441831600
CL,221115600
CLB,811656000
CLC,-441831600
CLD,1258693200
CLDT,1271390400
CLF,322117200
CLGX,627714000
CLH,564728400
CLI,777787200
CLR,1179201600
CLS,899179200
CLW,1228453200
CLX,322117200
CM,879397200
CMA,322117200
CMC,322117200
CMCM,1399521600
CMG,1138251600
CMO,494740800
CMP,1071205200
CMRE,1288843200
CMS,322117200
CMU,543128400
CNA,322117200
CNC,1008219600
CNHI,1380513600
CNI,848984400
CNK,1177387200
CNL,-441831600
CNNX,1411617600
CNO,1063166400
CNQ,965016000
CNS,1092628800
CNX,925444800
CO,1178683200
CODI,1147924800
COF,784962000
COG,634453200
COH,-441831600
COL,992577600
COO,411973200
COP,378622800
COR,1285214400
CORR,1170392400
COT,708667200
COTY,1371096000
COUP,1475726400
CP,441608400
CPA,1134622800
CPAC,1512709200
CPB,322117200
CPE,638427600
CPF,557121600
CPG,1153368000
CPK,322117200
CPL,1096430400
CPN,1199941200
CPS,1274932800
CPT,743313600
CR,322117200
CRC,703396800
CRT,1514264400
CRY,729493200
CS,800596800
CSC,-441831600
CSG,-441831600
CSL,322117200
CSLT,1394769600
CSS,401342400
CSTM,1369281600
CSU,878274000
CSV,839563200
CSX,342075600
CTB,322203600
CTL,322117200
CTLT,1406779200
CTQ,-441831600
CTR,1343966400
CTS,322117200
CTT,1386824400
CTU,1343966400
CTV,1141621200
CTW,1336622400
CTX,858920400
CTY,1369368000
CUB,322117200
CUBE,1098417600
CUBI,1331697600
CUBS,1375416000
CUDA,1383714000
CUK,972273600
CUZ,322117200
CVA,660459600
CVD,-441831600
CVG,902980800
CVI,1193112000
CVO,811742400
CVRR,1358398800
CVS,322117200
CVX,104400
CW,322117200
CWT,322117200
CX,937368000
CXE,603694800
CXH,1512709200
CXO,1186113600
CXP,1381377600
CXW,868939200
CYD,787554000
CYH,960523200
CYS,1245124800
CZZ,1188878400
D,322117200
DAC,1160971200
DAL,1178164800
DAN,1199250000
DANG,-441831600
DAR,779083200
DATA,1368763200
DB,848293200
DBD,378622800
DBL,1327640400
DCI,322117200
DCM,930715200
DCO,105249600
DCT,1165986000
DD,-441831600
DDE,1016514000
DDF,732517200
DDR,728629200
DDS,322117200
DDT,908337600
DE,76219200
DECK,750657600
DEI,1161748800
DEL,850366800
DEO,668926800
DEX,1185422400
DF,829713600
DFP,1369368000
DFS,1181793600
DG,1258088400
DGX,850798800
DHF,893649600
DHG,1164603600
DHI,707716800
DHR,322117200
DHT,1129176000
DHX,1185422400
DIAX,1417582800
DIN,679291200
DIS,-252356400
DK,1146715200
DKL,1351828800
DKS,1034740800
DKT,1209960000
DL,1217390400
DLB,1108616400
DLNG,1384318800
DLPH,1321506000
DLR,1099022400
DLX,322117200
DM,1413345600
DMB,1366948800
DMO,1266987600
DNOW,1400558400
DNP,538203600
DNR,810360000
DO,813384000
DOC,1374206400
DOOR,1248408000
DOV,322117200
DPG,1312171200
DPLO,1412913600
DPM,-441831600
DPS,1210132800
DPZ,1089691200
DQ,1286424000
DRD,769060800
DRH,1117080000
DRI,799992000
DRII,-441831600
DRL,-441831600
DRQ,877579200
DSE,1403755200
DSL,1366948800
DSM,627714000
DST,815202000
DSU,891234000
DSW,1120017600
DSX,1111554000
DTE,104400
DTF,690786000
DTK,1202965200
DTQ,1349236800
DUC,1512363600
DUK,322117200
DUKH,1358312400
DVA,815115600
DVD,1514264400
DVN,490852800
DX,571467600
E,817534800
EAB,1355806800
EAE,1370491200
EARN,1367380800
EAT,442213200
EBF,322117200
EBR,1227070800
EBS,1163566800
EC,1221710400
ECA,1018238400
ECL,322117200
ECR,1403236800
ECT,1277956800
ED,104400
EDD,1177387200
EDF,1293426000
EDI,1351224000
EDN,1177560000
EDR,1106715600
EDU,1158292800
EE,615787200
EEA,522043200
EEP,693205200
EEQ,1034308800
EFC,1286510400
EFF,1372219200
EFR,1069736400
EFT,1090814400
EFX,322117200
EGF,1130385600
EGL,1342584000
EGN,322117200
EGO,1043298000
EGP,322117200
EGY,728283600
EHI,1059451200
EHIC,1416286800
EIG,1170219600
EIX,315637200
ELJ,947048400
ELLI,1302840000
ELP,896846400
ELS,730616400
ELU,1369281600
ELY,699253200
EMD,1070514000
EME,789714000
EMES,1368072000
EMF,541314000
EMN,755845200
EMO,1308024000
EMR,76219200
ENB,448174800
ENBL,1397188800
ENJ,1354683600
ENLC,1073970000
ENLK,1046149200
ENR,954133200
ENS,1091419200
ENV,1280376000
ENVA,1415854800
ENZ,329630400
EOD,1175054400
EOG,623476800
EOI,1098849600
EOS,1106802000
EOT,1243396800
EPAM,1328677200
EPD,901598400
EPE,1389934800
EPR,879829200
EQC,535179600
EQM,1340769600
EQR,745128000
EQS,716184000
EQT,322117200
ERA,1358830800
EROS,1384318800
ESE,654753600
ESL,105249600
ESNT,1383192000
ESRT,1380686400
ESS,770961600
ESV,322117200
ETB,1114574400
ETE,1138942800
ETG,1075352400
ETH,732258000
ETJ,1185508800
ETM,917586000
ETN,76219200
ETO,1085544000
ETP,835675200
ETR,76219200
ETV,1119931200
ETW,1132549200
ETY,1164690000
EURN,1422248400
EV,322117200
EVC,965188800
EVF,909550800
EVG,1109221200
EVGN,1287115200
EVHC,1376452800
EVN,917413200
EVR,1155528000
EVT,1064548800
EVTC,1365739200
EW,954133200
EXC,315637200
EXD,1277438400
EXK,1146024000
EXP,766123200
EXPR,1273723200
EXR,1092628800
EZT,1423026000
F,76219200
FAC,76219200
FAF,1275019200
FAM,1101272400
FBC,862372800
FBHS,1316145600
FBP,537512400
FBR,955684800
FC,707544000
FCAU,1276056000
FCB,1406865600
FCF,708148800
FCN,831614400
FCT,1085544000
FCX,805348800
FDP,877665600
FDS,835934400
FDX,261205200
FE,879138000
FELP,1403064000
FENG,1305518400
FEO,1156996800
FET,1334203200
FF,1300852800
FFA,1093579200
FFC,1043902800
FFG,837748800
FGB,1180065600
FGL,1386910800
FGP,772776000
FHN,322117200
FHY,1143608400
FI,1376020800
FICO,553924800
FIF,1317182400
FIS,993009600
FIX,867384000
FL,104400
FLC,1061956800
FLO,322117200
FLR,975646800
FLS,322117200
FLT,1292389200
FLY,1190952000
FMC,322117200
FMN,1040360400
FMO,1103778000
FMS,842932800
FMSA,1412308800
FMX,894859200
FMY,1117080000
FN,1277438400
FNB,526017600
FNF,1129262400
FNFV,1403496000
FNV,1197003600
FOE,322117200
FOF,1164690000
FOR,1197522000
FPF,1369368000
FPL,1395892800
FPT,1040360400
FR,772430400
FRA,1067403600
FRC,1291870800
FRO,997070400
FRT,105249600
FSD,1285646400
FSIC,1397620800
FSM,1168232400
FSS,322117200
FT,591249600
FTI,992577600
FUL,322117200
FUN,546148800
FVE,1008565200
G,1186027200
GAB,524376000
GAM,322117200
GBAB,1288238400
GBL,918709200
GBX,774158400
GCAP,1292389200
GCH,711172800
GCI,489038400
GCO,322117200
GCV,1512363600
GD,221115600
GDL,1177300800
GDO,1259038800
GDP,1481518800
GDV,1069736400
GE,-252356400
GEB,1350014400
GEF,825483600
GEH,1359694800
GEK,1369108800
GEL,849070800
GEO,775281600
GER,1411704000
GES,839476800
GF,633243600
GFA,1174017600
GFF,105249600
GFI,322117200
GFY,1512363600
GG,765432000
GGB,921042000
GGG,322117200
GGM,1372219200
GGP,734241600
GGT,781848000
GHL,1083816000
GHM,322117200
GHY,1356325200
GIB,907732800
GIL,898228800
GIM,574578000
GIS,322117200
GJH,1083729600
GJO,1132549200
GJP,1198731600
GJR,1198731600
GJS,1146196800
GJT,1185940800
GJV,1185940800
GLF,1508990400
GLOB,1405656000
GLOG,1333080000
GLOP,1399435200
GLP,1127966400
GLPW,1203397200
GLT,322117200
GLW,378622800
GM,1290056400
GME,1013576400
GMZ,1385442000
GNC,1301630400
GNE,1319601600
GNRC,1265864400
GNT,1296104400
GNW,1085457600
GOF,1185508800
GOL,1088049600
GOV,1511154000
GPC,322117200
GPI,878187600
GPK,723963600
GPRK,1287115200
GPS,322117200
GPT,1369108800
GPX,326606400
GRA,378968400
GRAM,1374638400
GRR,322117200
GRUB,1396584000
GRX,1182225600
GS,925790400
GSH,831960000
GSK,323067600
GSL,1218772800
GTN,1030680000
GTS,1197003600
GTT,1164776400
GTY,105249600
GUT,931752000
GVA,640584000
GWB,1108443600
GWR,835675200
GWW,322117200
GXP,322117200
GYB,1086321600
GYC,1132549200
GZT,1323838800
H,1257397200
HAE,673848000
HAL,76219200
HASI,1366257600
HBI,1157515200
HBM,1234501200
HCA,1299733200
HCC,1481432400
HCI,1221451200
HCLP,1345089600
HD,369979200
HDB,995601600
HDY,-441831600
HE,322117200
HEI,322117200
HEP,1089259200
HEQ,1306468800
HES,322117200
HF,1170219600
HFC,322117200
HGG,-441831600
HGH,1335326400
HGR,-441831600
HGT,923630400
HHC,1288929600
HHS,752389200
HHY,-441831600
HI,1206676800
HIE,1416978000
HIG,819003600
HII,1300766400
HIL,1092283200
HIO,753426000
HIVE,1395979200
HIW,771048000
HIX,895809600
HJV,1174968000
HK,1087358400
HL,322117200
HLF,1103173200
HLS,527918400
HLT,1386824400
HLX,867729600
HMC,322117200
HMLP,1407384000
HNT,-441831600
HOG,521179200
HON,104400
HOS,1080277200
HOT,-441831600
HOV,431755200
HP,340430400
HPF,1038286800
HPI,1058241600
HPP,1277352000
HPQ,-252356400
HPS,1055822400
HQH,546148800
HQL,704692800
HR,738475200
HRB,322117200
HRC,322117200
HRG,322117200
HRL,322117200
HRS,378622800
HRTG,1400817600
HSBC,932097600
HSC,322117200
HSEA,1207195200
HSEB,1277092800
HST,322117200
HSY,322117200
HT,916894800
HTA,1338955200
HTD,1077685200
HTGC,1118289600
HTGX,1514264400
HTY,1190779200
HUBS,1412827200
HUM,378622800
HVT,322117200
HXL,322117200
HY,1349064000
HYB,572245200
HYH,1413864000
HYI,1288152000
HYT,1054180800
HZO,896846400
I,1366257600
IAE,1175054400
IAG,1058241600
IBA,874641600
IBM,-252356400
IBN,954219600
IBP,1392267600
ICB,1514264400
ICD,1289192400
ICE,1132117200
ICL,976856400
IDA,322117200
IDE,1265086800
IDT,989985600
IEX,612763200
IFF,378622800
IFN,761288400
IGA,1130385600
IGD,1112072400
IGI,1246420800
IGR,1077685200
IGT,638427600
IHG,1049947200
IID,1190779200
IIF,761547600
IIM,730098000
IMPV,1320814800
IMS,-441831600
INB,1185508800
INF,1314590400
INFY,921128400
ING,769233600
INGR,881816400
INN,1297227600
INT,525585600
INVN,-441831600
INXN,1296190800
INZ,-441831600
IO,670568400
IOC,-441831600
IP,104400
IPG,322117200
IPHI,1289538000
IPI,1208836800
IQI,717134400
IR,322117200
IRC,-441831600
IRET,877060800
IRL,638773200
IRM,823150800
IRR,1161748800
IRS,787899600
ISD,1335499200
ISF,1181707200
ISG,1127448000
ISP,-441831600
ITG,768024000
ITT,819003600
ITUB,1014613200
ITW,322117200
IVC,453096000
IVH,1369800000
IVR,1246420800
IVZ,809323200
IX,905918400
JBK,1081137600
JBL,736401600
JBN,1171602000
JBR,1177300800
JBT,1216699200
JCE,1175054400
JCI,480747600
JCP,322117200
JDD,1064808000
JE,1231131600
JEC,322117200
JEQ,713764800
JFR,1080190800
JGH,1416805200
JHI,322117200
JHS,322117200
JHX,946875600
JKS,1273809600
JLL,869112000
JLS,1259298000
JMEI,1400212800
JMF,1298610000
JMLP,1395892800
JMM,1514264400
JMP,1178856000
JMPB,1514264400
JMPC,1392267600
JMT,1266987600
JNJ,104400
JOE,638168400
JOF,637390800
JONE,1374638400
JOY,-441831600
JPC,1049086800
JPI,1343361600
JPM,322117200
JPS,1032840000
JQC,1056600000
JRI,1335499200
JRO,1090987200
JSD,1306382400
JTA,1075352400
JTD,1185940800
KAMN,322117200
KAP,1350446400
KAR,1260507600
KB,1005627600
KBH,523252800
KBR,1163653200
KED,1158811200
KEG,340516800
KEM,719640000
KEN,1421298000
KEP,783230400
KEX,322117200
KEY,563086800
KEYS,1413777600
KF,461995200
KFI,-441831600
KFS,894427200
KFY,918709200
KGC,353653200
KIM,690786000
KKR,1279166400
KMB,322117200
KMF,1290574800
KMG,854427600
KMI,1297400400
KMM,1514264400
KMPA,1422507600
KMPR,640843200
KMT,322117200
KMX,855032400
KN,1392354000
KND,988689600
KNL,1103000400
KNOP,1365566400
KNX,783057600
KO,-252356400
KODK,1379908800
KOF,747979200
KOP,1138770000
KORS,1323925200
KOS,1305086400
KR,221115600
KRA,1261026000
KRC,854514000
KRG,1092283200
KRO,1070946000
KS,1172725200
KSM,606632400
KSS,706248000
KST,1514264400
KSU,322117200
KT,927691200
KTF,593668800
KTH,981954000
KTN,1070514000
KTP,931233600
KW,1196658000
KWR,322117200
KYO,323067600
L,322117200
LAD,850885200
LADR,1391662800
LAZ,1115265600
LB,386485200
LC,1418274000
LCI,765432000
LCM,1106802000
LDF,708667200
LDL,322117200
LDOS,1161057600
LDP,1343620800
LEA,1257742800
LEE,322117200
LEG,322117200
LEJU,1397707200
LEN,322117200
LEO,559368000
LEU,901166400
LFC,1071637200
LGI,1083124800
LH,638686800
LHO,893390400
LII,933220800
LITB,1370491200
LL,1194584400
LLL,895550400
LLY,76219200
LM,428558400
LMT,221115600
LNC,322117200
LND,1337054400
LOR,1119931200
LOW,322117200
LPG,1399521600
LPI,1323925200
LPL,1090468800
LPT,771825600
LPX,322117200
LQ,1397016000
LRN,1197522000
LTC,714110400
LTM,878878800
LUB,322117200
LUK,322117200
LUV,315637200
LVLT,891320400
LVS,1103086800
LXFR,1349236800
LXFT,1372219200
LXP,751262400
LXU,315637200
LYB,1272427200
LYG,1006923600
LYV,1135141200
LZB,322117200
M,697266000
MA,1148529600
MAA,759733200
MAC,763275600
MAIN,1191902400
MAN,592027200
MANU,1344571200
MAS,322117200
MATX,105249600
MAV,1066881600
MBI,552110400
MBT,962337600
MC,1397620800
MCD,104400
MCI,322117200
MCK,784443600
MCN,1514264400
MCO,783579600
MCR,616996800
MCS,322117200
MCV,1363924800
MCY,501310800
MD,811569600
MDC,321598800
MDLY,1411531200
MDP,322117200
MDR,410158800
MDT,378622800
MDU,322117200
MED,757227600
MEI,403934400
MEN,604299600
MET,954907200
MFA,892440000
MFC,938145600
MFD,1080277200
MFG,1162962000
MFL,875505600
MFM,532674000
MFO,1334635200
MFT,720853200
MFV,627282000
MG,1254974400
MGA,465796800
MGF,548481600
MGM,578548800
MGU,1125028800
MHD,862891200
MHI,1058500800
MHK,702104400
MHN,874900800
MHNC,1510203600
MHO,752302800
MIC,1103173200
MIE,1364270400
MIN,574059600
MITT,1309406400
MIXT,1376020800
MIY,720853200
MKC,322117200
MKL,534747600
MLI,667458000
MLM,761461200
MLP,767246400
MLR,775800000
MMC,322117200
MMD,1343966400
MMI,1383192000
MMM,104400
MMP,984978000
MMS,866174400
MMT,541918800
MMU,711345600
MN,1321592400
MNE,1514264400
MNI,571035600
MNK,1371441600
MNP,727678800
MNR,560059200
MO,104400
MOD,401342400
MODN,1363752000
MOH,1057118400
MOS,570171600
MOV,749361600
MPA,1513141200
MPC,1308888000
MPLX,1351224000
MPO,1334894400
MPV,593668800
MPW,1120795200
MPX,983422800
MQT,717048000
MQY,711604800
MRC,1334203200
MRIN,1363924800
MRK,104400
MRO,104400
MS,730443600
MSA,322117200
MSB,322117200
MSCA,1365393600
MSCI,1195102800
MSD,1514264400
MSF,688363200
MSI,221115600
MSL,735192000
MSM,819003600
MSP,1114574400
MT,870926400
MTB,322117200
MTD,879483600
MTDR,1328158800
MTG,681537600
MTH,585892800
MTL,1099022400
MTN,855032400
MTOR,963201600
MTR,322117200
MTRN,322117200
MTW,638427600
MTX,719812800
MTZ,322117200
MUA,1512363600
MUC,888814800
MUE,920955600
MUH,888901200
MUI,1059537600
MUJ,889678800
MUR,322117200
MUS,894254400
MUSA,1376884800
MVC,961992000
MVCB,1362114000
MVO,1169182800
MVT,1513141200
MWA,1148616000
MX,1299819600
MXE,650692800
MXF,360475200
MXL,1269403200
MYC,700722000
MYD,692859600
MYE,322117200
MYF,700722000
MYI,703137600
MYJ,706161600
MYN,700722000
MZF,1061956800
NAC,927691200
NAD,927691200
NAP,1198731600
NAT,875592000
NAV,104400
NAZ,1513746000
NBB,1272427200
NBD,1290574800
NBHC,1348113600
NBL,322117200
NBR,322117200
NC,235368000
NCA,560577600
NCI,844401600
NCR,850280400
NCS,702277200
NCV,1049086800
NCZ,1059451200
NDP,1343361600
NDRO,1320292800
NE,496296000
NEA,1042693200
NEE,322117200
NEM,322117200
NEP,1403841600
NES,1507780800
NEU,322117200
NEV,1255320000
NEWR,1418360400
NFG,105249600
NFJ,1109653200
NFX,753080400
NGG,1123646400
NGL,1305518400
NGS,1035259200
NGVC,1343188800
NHF,1151294400
NHI,686980800
NI,322117200
NIM,1513141200
NIQ,1360299600
NJR,322117200
NKE,344581200
NKG,1514264400
NKX,1042693200
NL,322117200
NLS,925876800
NLSN,1296104400
NLY,876283200
NM,1104987600
NMFC,1305864000
NMI,578721600
NMM,1194930000
NMR,800596800
NMS,1513746000
NMT,1513746000
NMY,732430800
NNA,1215403200
NNC,737870400
NNI,1071205200
NNN,466142400
NNY,560577600
NOA,1164171600
NOAH,1289365200
NOC,378622800
NOK,757573200
NOV,846565200
NOW,1340942400
NP,1100667600
NPK,322117200
NPO,1022212800
NQ,1304568000
NQP,667112400
NR,652593600
NRG,1070341200
NRK,1042693200
NRP,1034308800
NRT,322117200
NRZ,1367467200
NS,986875200
NSC,391838400
NSH,1153800000
NSL,940996800
NSM,1331182800
NSP,854514000
NSS,1359435600
NTC,737870400
NTG,1280376000
NTI,-441831600
NTP,659595600
NTX,687672000
NTZ,737265600
NU,-441831600
NUE,322117200
NUM,687672000
NUO,1514264400
NUS,848638800
NUV,550900800
NUW,1235538000
NVGS,1168318800
NVO,357451200
NVR,490852800
NVRO,1415250000
NVS,847342800
NWE,1198818000
NWHM,1391144400
NWL,322117200
NWN,322117200
NWY,1097121600
NX,322117200
NXC,708926400
NXP,700981200
NXQ,706420800
NXR,711950400
NYCB,754030800
NYLD,1374033600
NYRT,1397534400
O,782452800
OAK,1334203200
OAKS,1363924800
OAS,1276747200
OC,1162357200
OCIP,1380859200
OCN,843624000
OCR,-441831600
ODC,322290000
OEC,1406260800
OFC,694155600
OFG,543733200
OGE,322117200
OGS,1389848400
OHI,713160000
OI,692427600
OIA,590644800
OII,322117200
OIS,981694800
OKE,339220800
OLN,322117200
OLP,420091200
OMAM,1412827200
OMC,322117200
OME,891579600
OMI,322117200
OMN,938404800
ONDK,1418792400
OPY,745473600
ORA,1100149200
ORAN,877320000
ORC,1360818000
ORCL,510987600
ORI,638427600
ORN,1198126800
OSK,638427600
OUT,1395979200
OXM,567838800
OXY,378622800
OZM,1195016400
P,1308110400
PAA,911365200
PAC,1141016400
PAG,846043200
PAGP,1381896000
PAH,1382414400
PAI,567838800
PAM,1255060800
PANW,1342756800
PAR,598251600
PAY,1114747200
PAYC,1397534400
PB,910846800
PBA,1286337600
PBF,1355374800
PBFX,1399608000
PBH,1108011600
PBI,76219200
PBR,965880000
PBT,567838800
PBYI,1335240000
PCF,552801600
PCG,76219200
PCI,1359435600
PCK,1025064000
PCQ,993614400
PDI,1337918400
PDM,1265778000
PDS,848034000
PDT,629701200
PE,1400817600
PEB,1260334800
PEG,315637200
PEI,105249600
PEO,567838800
PEP,76219200
PER,1313035200
PES,791614800
PF,1364443200
PFD,664779600
PFE,76219200
PFG,1003809600
PFH,923284800
PFK,1146542400
PFL,1065672000
PFN,1098849600
PFO,697352400
PFS,1042693200
PFSI,1368072000
PG,104400
PGEM,1369281600
PGP,1117080000
PGR,322117200
PGRE,1416373200
PGZ,1372219200
PH,489038400
PHD,1103778000
PHG,567838800
PHH,1106110800
PHI,105249600
PHK,1051243200
PHM,489038400
PHT,1019793600
PHX,808718400
PIR,567838800
PIY,1065672000
PJC,1073019600
PJH,1355288400
PKD,418453200
PKE,567838800
PKG,949035600
PKI,418453200
PKO,1196312400
PKX,782107200
PLD,880088400
PLOW,1273032000
PLT,759042000
PM,1205726400
PMF,993614400
PML,1025064000
PMM,615182400
PMO,783230400
PMT,1248926400
PMX,1035867600
PN,1421384400
PNC,589608000
PNF,993614400
PNI,1025064000
PNK,638427600
PNM,460958400
PNR,105249600
PNW,459057600
POL,937195200
POR,1143781200
POST,1327640400
POT,632120400
PPG,418453200
PPL,481784400
PPT,572245200
PPX,1363579200
PQ,720075600
PRA,683956800
PRGO,692946000
PRH,1364356800
PRI,1270094400
PRLB,1330059600
PRO,1185422400
PRU,1008219600
PSA,343371600
PSB,670050000
PSF,1290747600
PSO,848293200
PSX,1334203200
PSXP,1374552000
PTR,954993600
PTY,1040878800
PUK,962251200
PVG,1299128400
PVH,552888000
PWR,887259600
PX,708753600
PXD,871012800
PYN,1035867600
PYT,1090900800
PZC,1035867600
PZE,948862800
PZN,1193284800
Q,1368072000
QEP,1276660800
QSR,1418274000
QTM,933566400
QTS,1381291200
QTWO,1395288000
QUAD,1278388800
R,315637200
RAD,472107600
RBA,889506000
RBC,439102800
RBS,1192680000
RCI,821336400
RCL,735969600
RCS,783230400
RDC,418453200
RDN,720421200
RDY,986961600
RE,812692800
REG,751867200
RENN,1304481600
RES,567838800
RESI,1356325200
REV,825570000
REX,458884800
REXR,1374206400
RF,638427600
RFI,783230400
RFP,1291957200
RFT,1397707200
RFTA,1415682000
RGA,1221192000
RGC,1020916800
RGR,322203600
RGS,677476800
RGT,1513746000
RH,1351828800
RHI,700203600
RHP,688276800
RHT,934344000
RIG,738561600
RL,866088000
RLGY,1349928000
RLH,891579600
RLI,322117200
RLJ,1305086400
RM,1332907200
RMAX,1380686400
RMD,802065600
RMP,1408334400
RMT,755931600
RNG,1380254400
RNP,1056513600
RNR,806817600
ROG,322117200
ROK,378622800
ROL,322117200
ROP,697957200
ROYT,1336017600
RPAI,1333944000
RPM,638427600
RPT,599288400
RQI,1014699600
RRC,725518800
RRTS,1273723200
RS,779688000
RSG,899265600
RSO,1139288400
RSPP,1389934800
RST,1239854400
RTEC,942382800
RTN,378622800
RUBI,1396411200
RVT,567838800
RY,813816000
RYAM,1402891200
RYI,1407470400
RYN,761461200
RZA,1345780800
S,468738000
SA,1082433600
SAH,879310800
SAIC,1379304000
SALT,1386824400
SAM,816930000
SAN,568357200
SAP,811396800
SAR,1174968000
SB,1212120000
SBGL,1360558800
SBH,1163739600
SBNA,1513746000
SBR,567838800
SBS,1021003200
SC,1390453200
SCCO,820818000
SCD,1077685200
SCG,567838800
SCHW,559281600
SCI,554011200
SCM,1352350800
SCS,887778000
SCX,567838800
SD,1475553600
SDLP,1350619200
SDRL,1135746000
SE,1508472000
SEAS,1366344000
SEE,567838800
SEP,1185422400
SERV,1403755200
SF,427435200
SFE,567838800
SFL,1087444800
SFS,1198818000
SFUN,1284696000
SGF,648878400
SGU,819003600
SGY,742190400
SGZA,1361509200
SHG,1063771200
SHI,743659200
SHLX,1414555200
SHO,1098331200
SID,848293200
SIG,584856000
SIR,1331096400
SIX,1273550400
SJI,322117200
SJM,783579600
SJR,899265600
SJT,562482000
SJW,76219200
SKM,835848000
SKT,738561600
SKX,928900800
SLB,378622800
SLCA,1328072400
SLD,1360299600
SLF,953787600
SLG,871617600
SLRA,1355288400
SLTB,1411963200
SM,724914000
SMP,567838800
SN,1323925200
SNA,489038400
SNE,144043200
SNH,951282000
SNI,1213243200
SNN,942728400
SNP,971841600
SNR,1156824000
SNV,632120400
SNX,1069736400
SNY,1025496000
SO,378622800
SOL,1201582800
SON,487310400
SOR,567838800
SPA,105249600
SPE,1514264400
SPG,755845200
SPH,825570000
SPLP,1513746000
SPN,710481600
SPR,1164690000
SPXX,1132722000
SQM,748584000
SQNS,1303185600
SR,322117200
SRC,1348113600
SRE,899092800
SRF,1330059600
SRI,876456000
SRLP,1382673600
SRT,866692800
SRV,1188878400
SSI,999144000
SSL,388641600
SSNI,1363147200
SSP,638427600
SSTK,1349928000
SSW,1123560000
SSWN,1396929600
ST,1268283600
STAG,1302840000
STAY,1384318800
STE,707371200
STI,567838800
STL,915771600
STM,786862800
STN,1123214400
STNG,1270008000
STO,992836800
STON,1095220800
STOR,1416286800
STRI,1257483600
STT,521265600
STWD,1250049600
STZ,700808400
SU,754722000
SUI,755413200
SUN,592027200
SUP,322117200
SVM,1494820800
SVU,489038400
SWJ,1343275200
SWK,489038400
SWM,815893200
SWN,567838800
SWX,567838800
SWZ,1514264400
SXC,1311220800
SXCP,1358485200
SXE,1351828800
SXI,322117200
SXT,322117200
SYF,1406779200
SYK,322117200
SYT,974091600
SYX,804225600
SYY,105681600
SZC,1348632000
T,438238800
TA,1170306000
TAC,996552000
TAHO,1285214400
TAL,1287547200
TAP,322117200
TARO,733640400
TBI,791614800
TCAP,1172120400
TCCA,1350964800
TCI,563086800
TCO,722235600
TCP,927604800
TCRX,1513141200
TCS,1383278400
TD,841377600
TDA,1354597200
TDC,1191211200
TDE,1305000000
TDF,792824400
TDG,1142398800
TDI,1113278400
TDJ,1301284800
TDY,943333200
TEF,550468800
TEI,783230400
TEL,1181793600
TEN,378968400
TEO,786949200
TEP,1368504000
TER,542437200
TEVA,638427600
TEX,638427600
TFX,572158800
TG,632120400
TGH,1191988800
TGI,846216000
TGP,1115265600
TGS,785048400
TGT,322117200
THC,378968400
THG,813384000
THGA,1364788800
THO,567838800
THQ,1406606400
THR,1304568000
THS,1119931200
TI,1065672000
TIF,547185600
TIME,1400644800
TISI,700808400
TJX,551678400
TK,806212800
TKC,963288000
TKF,632034000
TKR,489038400
TLI,911538000
TLP,1116993600
TLYS,1336104000
TM,209188800
TMHC,1365566400
TMK,339220800
TMO,322117200
TMST,1403150400
TMUS,1176955200
TNC,322117200
TNET,1395892800
TNH,691131600
TNK,1197522000
TNP,1015304400
TOL,521179200
TOO,1166072400
TOT,688363200
TOWR,1287115200
TPC,76219200
TPH,1359608400
TPL,322117200
TPRE,1376539200
TPUB,-441831600
TPVG,1394082000
TPX,1071723600
TPZ,1248840000
TR,322117200
TRC,322117200
TRCO,1357534800
TREC,1154318400
TREX,923544000
TRGP,1291698000
TRI,1023854400
TRK,793602000
TRLA,-441831600
TRN,322117200
TRP,401342400
TRQ,1069131600
TRUP,1405656000
TRV,322117200
TRW,-441831600
TS,1040014800
TSE,1402545600
TSI,541314000
TSLF,1379649600
TSLX,1395374400
TSM,876369600
TSN,322117200
TSQ,1406174400
TSS,429336000
TSU,911192400
TTC,322117200
TTF,572072400
TTI,639115200
TTM,1096257600
TTP,1319688000
TU,834465600
TUP,831528000
TV,755845200
TVC,908337600
TVE,927086400
TVPT,1411617600
TWC,-441831600
TWI,737870400
TWN,1513141200
TWO,1256875200
TWTR,1383800400
TWX,700981200
TX,1138770000
TXT,322117200
TY,322117200
TYG,1077685200
UA,1435723200
UAL,1139202000
UAN,1302235200
UBA,903326400
UBP,322117200
UBS,958449600
UDR,322117200
UE,1421384400
UFI,322117200
UFS,1173243600
UGI,322117200
UGP,939268800
UHS,363499200
UHT,535957200
UIS,76219200
UL,322808400
UMC,969336000
UMH,477723600
UN,322117200
UNF,443077200
UNH,466833600
UNM,531637200
UNP,315637200
UNT,322117200
UPL,1491796800
UPS,942210000
URI,882421200
USA,530510400
USAC,1358226000
USB,105249600
USDP,1412827200
USG,322117200
USM,578721600
USNA,765432000
USPH,707112000
UTL,479019600
UVV,322117200
UZA,1305518400
UZB,1420174800
V,1205899200
VAC,1320728400
VALE,1016686800
VAR,322117200
VBF,409294800
VC,1286251200
VCO,782107200
VCRA,1332907200
VCV,739684800
VEC,1410840000
VEEV,1381896000
VET,1284436800
VFC,322117200
VG,1148443200
VGI,1330059600
VGM,698475600
VGR,560664000
VHI,322117200
VIPS,1332475200
VIV,911192400
VJET,1382068800
VKQ,690699600
VLO,378968400
VLP,1386738000
VLRS,1379476800
VLT,609134400
VLY,638168400
VMC,322117200
VMI,322117200
VMO,707544000
VNO,322117200
VNTV,1332388800
VOC,1304654400
VOYA,1367467200
VPG,1277265600
VPV,739684800
VR,1185940800
VRS,1468900800
VRTV,1403064000
VRX,764917200
VSH,322117200
VSI,1256702400
VSLR,1412136000
VTA,1185422400
VTN,705729600
VTR,862804800
VTRB,1362974400
VVC,563086800
VVI,1092283200
VVR,898660800
VZ,438238800
VZA,1393390800
W,1412222400
WAB,803275200
WAC,890715600
WAGE,1336708800
WBC,1185940800
WBK,606114000
WBS,534747600
WCC,926481600
WCG,1088654400
WCN,895809600
WD,1292389200
WDAY,1350014400
WEC,322117200
WES,1210305600
WEX,1108530000
WF,1064980800
WFC,76219200
WFT,105249600
WG,840081600
WGL,322117200
WGO,322117200
WGP,1355115600
WHG,1023940800
WHR,322117200
WHX,-441831600
WIA,1064808000
WIT,971928000
WIW,1077685200
WK,1418360400
WLH,1358485200
WLK,1092283200
WLKP,1406692800
WLL,1069304400
WLT,-441831600
WM,582955200
WMB,378622800
WMC,1336708800
WMK,322117200
WMLP,1279080000
WMS,352011600
WMT,83563200
WNC,689576400
WNRL,1381377600
WNS,1153886400
WR,322117200
WRB,322117200
WRE,322117200
WRI,493012800
WSM,426398400
WSO,455428800
WSR,1282795200
WST,322117200
WTI,1106888400
WTM,498888000
WTR,322117200
WTS,505026000
WTW,1005800400
WU,1159761600
WUBA,1383192000
WWE,940305600
WWW,322117200
WY,105249600
WYN,1153281600
X,671428800
XCO,1139461200
XEC,1032926400
XEL,322117200
XIN,1197435600
XL,679896000
XNY,1290488400
XOM,104400
XON,1375934400
XOXO,944110800
XPO,1065499200
XRM,1116216000
XRX,221115600
YELP,1330664400
YGE,1181275200
YPF,741326400
YUM,874468800
YUME,1375848000
ZAYO,1413518400
ZBK,1379563200
ZEN,1400126400
ZF,528004800
ZNH,870235200
ZOES,1397188800
ZTR,591249600
ZTS,1359694800
ZX,1305518400
AAIT,1023336000
DCIX,1294030800
KELYA,322117200
RGLD,360907200
A,942901200
CNP,104400
GWRE,1327467600
MUX,326520000
SCL,700808400
